"","yarbus_file","subject","interest_period","session","trial","aoi3","condition","first_look"
"1","MobileET_ostension_panda_s1_yarbus_new","Panda","signaling",1,1,"face","pointing",0
"2","MobileET_ostension_panda_s1_yarbus_new","Panda","signaling",1,1,"hand","pointing",1669
"3","MobileET_ostension_panda_s1_yarbus_new","Panda","signaling",1,1,"correct bowl","pointing",1835
"4","MobileET_ostension_panda_s1_yarbus_new","Panda","signaling",1,2,"face","pointing",0
"5","MobileET_ostension_panda_s1_yarbus_new","Panda","signaling",1,2,"body","pointing",2245
"6","MobileET_ostension_panda_s1_yarbus_new","Panda","signaling",1,2,"hand","pointing",610
"7","MobileET_ostension_panda_s1_yarbus_new","Panda","signaling",1,2,"correct bowl","pointing",777
"8","MobileET_ostension_panda_s1_yarbus_new","Panda","signaling",1,3,"face","control",0
"9","MobileET_ostension_panda_s1_yarbus_new","Panda","signaling",1,4,"body","pointing",0
"10","MobileET_ostension_panda_s1_yarbus_new","Panda","signaling",1,4,"hand","pointing",1068
"11","MobileET_ostension_panda_s1_yarbus_new","Panda","signaling",1,4,"correct bowl","pointing",233
"12","MobileET_ostension_panda_s1_yarbus_new","Panda","signaling",1,5,"face","pointing",0
"13","MobileET_ostension_panda_s1_yarbus_new","Panda","signaling",1,5,"body","pointing",198
"14","MobileET_ostension_panda_s1_yarbus_new","Panda","signaling",1,5,"hand","pointing",631
"15","MobileET_ostension_panda_s1_yarbus_new","Panda","signaling",1,6,"face","pointing",0
"16","MobileET_ostension_panda_s1_yarbus_new","Panda","signaling",1,6,"hand","pointing",71
"17","MobileET_ostension_panda_s1_yarbus_new","Panda","signaling",1,6,"correct bowl / hand","pointing",273
"18","MobileET_ostension_panda_s1_yarbus_new","Panda","signaling",1,7,"face","pointing",0
"19","MobileET_ostension_panda_s1_yarbus_new","Panda","signaling",1,8,"face","control",0
"20","MobileET_ostension_panda_s1_yarbus_new","Panda","signaling",1,9,"face","gazing",0
"21","MobileET_ostension_panda_s1_yarbus_new","Panda","signaling",1,10,"face","gazing",0
"22","MobileET_ostension_panda_s1_yarbus_new","Panda","signaling",1,11,"face","gazing",0
"23","MobileET_ostension_panda_s1_yarbus_new","Panda","signaling",1,11,"hand","gazing",222
"24","MobileET_ostension_panda_s1_yarbus_new","Panda","signaling",1,11,"correct bowl","gazing",555
"25","MobileET_ostension_panda_s1_yarbus_new","Panda","signaling",1,12,"face","gazing",0
"26","MobileET_ostension_panda_s1_yarbus_new","Panda","signaling",1,13,"face","control",0
"27","MobileET_ostension_panda_s1_yarbus_new","Panda","signaling",1,14,"face","gazing",0
"28","MobileET_ostension_panda_s1_yarbus_new","Panda","signaling",1,15,"face","gazing",0
"29","mobileET_ostension_Jimi_S1_Yarbus","Jimi","signaling",1,1,"face","p+g",0
"30","mobileET_ostension_Jimi_S1_Yarbus","Jimi","signaling",1,2,"face","p+g",0
"31","mobileET_ostension_Jimi_S1_Yarbus","Jimi","signaling",1,2,"body","p+g",1662
"32","mobileET_ostension_Jimi_S1_Yarbus","Jimi","signaling",1,2,"hand","p+g",427
"33","mobileET_ostension_Jimi_S1_Yarbus","Jimi","signaling",1,2,"correct bowl","p+g",862
"34","mobileET_ostension_Jimi_S1_Yarbus","Jimi","signaling",1,3,"face","control",0
"35","mobileET_ostension_Jimi_S1_Yarbus","Jimi","signaling",1,4,"face","p+g",0
"36","mobileET_ostension_Jimi_S1_Yarbus","Jimi","signaling",1,4,"body","p+g",1051
"37","mobileET_ostension_Jimi_S1_Yarbus","Jimi","signaling",1,4,"hand","p+g",316
"38","mobileET_ostension_Jimi_S1_Yarbus","Jimi","signaling",1,4,"occluder","p+g",1484
"39","mobileET_ostension_Jimi_S1_Yarbus","Jimi","signaling",1,5,"body","p+g",0
"40","mobileET_ostension_Jimi_S1_Yarbus","Jimi","signaling",1,6,"face","p+g",0
"41","mobileET_ostension_Jimi_S1_Yarbus","Jimi","signaling",1,7,"correct bowl / hand","p+g",0
"42","mobileET_ostension_Jimi_S1_Yarbus","Jimi","signaling",1,8,"face","control",0
"43","mobileET_ostension_Jimi_S1_Yarbus","Jimi","signaling",1,9,"face","gazing",0
"44","mobileET_ostension_Jimi_S1_Yarbus","Jimi","signaling",1,10,"face","gazing",2620
"45","mobileET_ostension_Jimi_S1_Yarbus","Jimi","signaling",1,10,"body","gazing",0
"46","mobileET_ostension_Jimi_S1_Yarbus","Jimi","signaling",1,11,"body","gazing",0
"47","mobileET_ostension_Jimi_S1_Yarbus","Jimi","signaling",1,12,"face","gazing",0
"48","mobileET_ostension_Jimi_S1_Yarbus","Jimi","signaling",1,13,"face","control",313
"49","mobileET_ostension_Jimi_S1_Yarbus","Jimi","signaling",1,13,"body","control",0
"50","mobileET_ostension_Jimi_S1_Yarbus","Jimi","signaling",1,14,"face","gazing",0
"51","mobileET_ostension_Jimi_S1_Yarbus","Jimi","signaling",1,15,"body","gazing",0
"52","mobileET_ostension_Lumi_s1_yarbus","Lumi","signaling",1,1,"face","throwing",633
"53","mobileET_ostension_Lumi_s1_yarbus","Lumi","signaling",1,1,"body","throwing",365
"54","mobileET_ostension_Lumi_s1_yarbus","Lumi","signaling",1,1,"hand","throwing",2268
"55","mobileET_ostension_Lumi_s1_yarbus","Lumi","signaling",1,1,"correct bowl","throwing",0
"56","mobileET_ostension_Lumi_s1_yarbus","Lumi","signaling",1,2,"face","throwing",2335
"57","mobileET_ostension_Lumi_s1_yarbus","Lumi","signaling",1,2,"body","throwing",0
"58","mobileET_ostension_Lumi_s1_yarbus","Lumi","signaling",1,2,"incorrect bowl","throwing",565
"59","mobileET_ostension_Lumi_s1_yarbus","Lumi","signaling",1,3,"face","control",297
"60","mobileET_ostension_Lumi_s1_yarbus","Lumi","signaling",1,3,"body","control",197
"61","mobileET_ostension_Lumi_s1_yarbus","Lumi","signaling",1,3,"hand","control",0
"62","mobileET_ostension_Lumi_s1_yarbus","Lumi","signaling",1,4,"face","throwing",365
"63","mobileET_ostension_Lumi_s1_yarbus","Lumi","signaling",1,4,"body","throwing",0
"64","mobileET_ostension_Lumi_s1_yarbus","Lumi","signaling",1,5,"face","throwing",626
"65","mobileET_ostension_Lumi_s1_yarbus","Lumi","signaling",1,5,"body","throwing",224
"66","mobileET_ostension_Lumi_s1_yarbus","Lumi","signaling",1,5,"hand","throwing",0
"67","mobileET_ostension_Lumi_s1_yarbus","Lumi","signaling",1,6,"face","throwing",604
"68","mobileET_ostension_Lumi_s1_yarbus","Lumi","signaling",1,6,"body","throwing",202
"69","mobileET_ostension_Lumi_s1_yarbus","Lumi","signaling",1,6,"hand","throwing",0
"70","mobileET_ostension_Lumi_s1_yarbus","Lumi","signaling",1,7,"face","throwing",247
"71","mobileET_ostension_Lumi_s1_yarbus","Lumi","signaling",1,7,"hand","throwing",0
"72","mobileET_ostension_Lumi_s1_yarbus","Lumi","signaling",1,8,"face","control",0
"73","mobileET_ostension_Lumi_s1_yarbus","Lumi","signaling",1,9,"face","p+g",1000
"74","mobileET_ostension_Lumi_s1_yarbus","Lumi","signaling",1,9,"body","p+g",533
"75","mobileET_ostension_Lumi_s1_yarbus","Lumi","signaling",1,9,"hand","p+g",0
"76","mobileET_ostension_Lumi_s1_yarbus","Lumi","signaling",1,10,"face","p+g",1949
"77","mobileET_ostension_Lumi_s1_yarbus","Lumi","signaling",1,10,"body","p+g",1681
"78","mobileET_ostension_Lumi_s1_yarbus","Lumi","signaling",1,10,"hand","p+g",0
"79","mobileET_ostension_Lumi_s1_yarbus","Lumi","signaling",1,10,"correct bowl","p+g",314
"80","mobileET_ostension_Lumi_s1_yarbus","Lumi","signaling",1,11,"body","p+g",1468
"81","mobileET_ostension_Lumi_s1_yarbus","Lumi","signaling",1,11,"hand","p+g",0
"82","mobileET_ostension_Lumi_s1_yarbus","Lumi","signaling",1,11,"correct bowl","p+g",267
"83","mobileET_ostension_Lumi_s1_yarbus","Lumi","signaling",1,12,"face","p+g",2301
"84","mobileET_ostension_Lumi_s1_yarbus","Lumi","signaling",1,12,"body","p+g",1735
"85","mobileET_ostension_Lumi_s1_yarbus","Lumi","signaling",1,12,"hand","p+g",0
"86","mobileET_ostension_Lumi_s1_yarbus","Lumi","signaling",1,12,"correct bowl","p+g",433
"87","mobileET_ostension_Lumi_s1_yarbus","Lumi","signaling",1,13,"face","control",0
"88","mobileET_ostension_Lumi_s1_yarbus","Lumi","signaling",1,14,"face","p+g",1756
"89","mobileET_ostension_Lumi_s1_yarbus","Lumi","signaling",1,14,"body","p+g",0
"90","mobileET_ostension_Lumi_s1_yarbus","Lumi","signaling",1,14,"hand","p+g",653
"91","mobileET_ostension_Lumi_s1_yarbus","Lumi","signaling",1,14,"correct bowl","p+g",321
"92","mobileET_ostension_Lumi_s1_yarbus","Lumi","signaling",1,15,"face","p+g",2198
"93","mobileET_ostension_Lumi_s1_yarbus","Lumi","signaling",1,15,"body","p+g",0
"94","mobileET_ostension_Lumi_s1_yarbus","Lumi","signaling",1,15,"hand","p+g",1262
"95","mobileET_ostension_Lumi_s1_yarbus","Lumi","signaling",1,15,"correct bowl","p+g",160
"96","mobileET_ostension_Lumi_s3_yarbus","Lumi","signaling",2,1,"body","pointing",0
"97","mobileET_ostension_Lumi_s3_yarbus","Lumi","signaling",2,2,"face","pointing",1631
"98","mobileET_ostension_Lumi_s3_yarbus","Lumi","signaling",2,2,"body","pointing",0
"99","mobileET_ostension_Lumi_s3_yarbus","Lumi","signaling",2,2,"hand","pointing",196
"100","mobileET_ostension_Lumi_s3_yarbus","Lumi","signaling",2,3,"body","control",0
"101","mobileET_ostension_Lumi_s3_yarbus","Lumi","signaling",2,4,"face","pointing",1835
"102","mobileET_ostension_Lumi_s3_yarbus","Lumi","signaling",2,4,"hand","pointing",200
"103","mobileET_ostension_Lumi_s3_yarbus","Lumi","signaling",2,4,"correct bowl","pointing",300
"104","mobileET_ostension_Lumi_s3_yarbus","Lumi","signaling",2,4,"occluder","pointing",0
"105","mobileET_ostension_Lumi_s3_yarbus","Lumi","signaling",2,5,"face","pointing",1747
"106","mobileET_ostension_Lumi_s3_yarbus","Lumi","signaling",2,5,"body","pointing",0
"107","mobileET_ostension_Lumi_s3_yarbus","Lumi","signaling",2,5,"hand","pointing",144
"108","mobileET_ostension_Lumi_s3_yarbus","Lumi","signaling",2,5,"correct bowl","pointing",612
"109","mobileET_ostension_Lumi_s3_yarbus","Lumi","signaling",2,6,"body","pointing",0
"110","mobileET_ostension_Lumi_s3_yarbus","Lumi","signaling",2,7,"body","pointing",0
"111","mobileET_ostension_Lumi_s3_yarbus","Lumi","signaling",2,7,"hand","pointing",1268
"112","mobileET_ostension_Lumi_s3_yarbus","Lumi","signaling",2,8,"face","control",0
"113","mobileET_ostension_Lumi_s3_yarbus","Lumi","signaling",2,9,"body","gazing",0
"114","mobileET_ostension_Lumi_s3_yarbus","Lumi","signaling",2,9,"correct bowl","gazing",466
"115","mobileET_ostension_Lumi_s3_yarbus","Lumi","signaling",2,10,"face","gazing",367
"116","mobileET_ostension_Lumi_s3_yarbus","Lumi","signaling",2,10,"body","gazing",0
"117","mobileET_ostension_Lumi_s3_yarbus","Lumi","signaling",2,10,"incorrect bowl","gazing",2302
"118","mobileET_ostension_Lumi_s3_yarbus","Lumi","signaling",2,11,"body","gazing",0
"119","mobileET_ostension_Lumi_s3_yarbus","Lumi","signaling",2,11,"incorrect bowl","gazing",2254
"120","mobileET_ostension_Lumi_s3_yarbus","Lumi","signaling",2,12,"face","gazing",3933
"121","mobileET_ostension_Lumi_s3_yarbus","Lumi","signaling",2,12,"body","gazing",0
"122","mobileET_ostension_Lumi_s3_yarbus","Lumi","signaling",2,12,"hand","gazing",2765
"123","mobileET_ostension_Lumi_s3_yarbus","Lumi","signaling",2,13,"face","control",0
"124","mobileET_ostension_Lumi_s3_yarbus","Lumi","signaling",2,15,"body","gazing",465
"125","mobileET_ostension_Lumi_s3_yarbus","Lumi","signaling",2,15,"hand","gazing",0
"126","mobileET_ostension_Mia_S2_yarbus","Mia11","signaling",2,1,"face","pointing",868
"127","mobileET_ostension_Mia_S2_yarbus","Mia11","signaling",2,1,"body","pointing",600
"128","mobileET_ostension_Mia_S2_yarbus","Mia11","signaling",2,1,"correct bowl","pointing",0
"129","mobileET_ostension_Mia_S2_yarbus","Mia11","signaling",2,2,"face","pointing",1503
"130","mobileET_ostension_Mia_S2_yarbus","Mia11","signaling",2,2,"body","pointing",0
"131","mobileET_ostension_Mia_S2_yarbus","Mia11","signaling",2,2,"hand","pointing",1035
"132","mobileET_ostension_Mia_S2_yarbus","Mia11","signaling",2,2,"correct bowl","pointing",403
"133","mobileET_ostension_Mia_S2_yarbus","Mia11","signaling",2,2,"incorrect bowl","pointing",2570
"134","mobileET_ostension_Mia_S2_yarbus","Mia11","signaling",2,3,"face","control",0
"135","mobileET_ostension_Mia_S2_yarbus","Mia11","signaling",2,4,"body","pointing",0
"136","mobileET_ostension_Mia_S2_yarbus","Mia11","signaling",2,4,"hand","pointing",868
"137","mobileET_ostension_Mia_S2_yarbus","Mia11","signaling",2,4,"correct bowl","pointing",1501
"138","mobileET_ostension_Mia_S2_yarbus","Mia11","signaling",2,5,"face","pointing",0
"139","mobileET_ostension_Mia_S2_yarbus","Mia11","signaling",2,5,"body","pointing",99
"140","mobileET_ostension_Mia_S2_yarbus","Mia11","signaling",2,5,"hand","pointing",434
"141","mobileET_ostension_Mia_S2_yarbus","Mia11","signaling",2,6,"face","pointing",0
"142","mobileET_ostension_Mia_S2_yarbus","Mia11","signaling",2,6,"body","pointing",1241
"143","mobileET_ostension_Mia_S2_yarbus","Mia11","signaling",2,6,"hand","pointing",1541
"144","mobileET_ostension_Mia_S2_yarbus","Mia11","signaling",2,6,"incorrect bowl","pointing",441
"145","mobileET_ostension_Mia_S2_yarbus","Mia11","signaling",2,7,"face","pointing",0
"146","mobileET_ostension_Mia_S2_yarbus","Mia11","signaling",2,7,"body","pointing",114
"147","mobileET_ostension_Mia_S2_yarbus","Mia11","signaling",2,7,"hand","pointing",2251
"148","mobileET_ostension_Mia_S2_yarbus","Mia11","signaling",2,7,"correct bowl / hand","pointing",849
"149","mobileET_ostension_Mia_S2_yarbus","Mia11","signaling",2,7,"correct bowl","pointing",546
"150","mobileET_ostension_Mia_S2_yarbus","Mia11","signaling",2,8,"face","control",0
"151","mobileET_ostension_Mia_S2_yarbus","Mia11","signaling",2,9,"correct bowl","throwing",0
"152","mobileET_ostension_Mia_S2_yarbus","Mia11","signaling",2,10,"face","throwing",1733
"153","mobileET_ostension_Mia_S2_yarbus","Mia11","signaling",2,10,"body","throwing",100
"154","mobileET_ostension_Mia_S2_yarbus","Mia11","signaling",2,10,"occluder","throwing",0
"155","mobileET_ostension_Mia_S2_yarbus","Mia11","signaling",2,11,"face","throwing",0
"156","mobileET_ostension_Mia_S2_yarbus","Mia11","signaling",2,11,"body","throwing",2237
"157","mobileET_ostension_Mia_S2_yarbus","Mia11","signaling",2,12,"face","throwing",0
"158","mobileET_ostension_Mia_S2_yarbus","Mia11","signaling",2,13,"face","control",0
"159","mobileET_ostension_Mia_S2_yarbus","Mia11","signaling",2,14,"face","throwing",0
"160","mobileET_ostension_Mia_S2_yarbus","Mia11","signaling",2,15,"face","throwing",765
"161","mobileET_ostension_Mia_S2_yarbus","Mia11","signaling",2,15,"body","throwing",467
"162","mobileET_ostension_Mia_S2_yarbus","Mia11","signaling",2,15,"correct bowl","throwing",0
"163","mobileET_ostension_Riu_S1_Yarbus","Riu","signaling",1,2,"face","gazing",0
"164","mobileET_ostension_Riu_S1_Yarbus","Riu","signaling",1,2,"hand","gazing",1916
"165","mobileET_ostension_Riu_S1_Yarbus","Riu","signaling",1,3,"body","control",0
"166","mobileET_ostension_Riu_S1_Yarbus","Riu","signaling",1,4,"face","gazing",0
"167","mobileET_ostension_Riu_S1_Yarbus","Riu","signaling",1,4,"body","gazing",2067
"168","mobileET_ostension_Riu_S1_Yarbus","Riu","signaling",1,5,"face","gazing",0
"169","mobileET_ostension_Riu_S1_Yarbus","Riu","signaling",1,6,"face","gazing",0
"170","mobileET_ostension_Riu_S1_Yarbus","Riu","signaling",1,7,"face","gazing",0
"171","mobileET_ostension_Riu_S1_Yarbus","Riu","signaling",1,8,"body","control",0
"172","mobileET_ostension_Riu_S1_Yarbus","Riu","signaling",1,9,"face","throwing",112
"173","mobileET_ostension_Riu_S1_Yarbus","Riu","signaling",1,9,"body","throwing",647
"174","mobileET_ostension_Riu_S1_Yarbus","Riu","signaling",1,9,"hand","throwing",0
"175","mobileET_ostension_Riu_S1_Yarbus","Riu","signaling",1,10,"body","throwing",1557
"176","mobileET_ostension_Riu_S1_Yarbus","Riu","signaling",1,10,"hand","throwing",0
"177","mobileET_ostension_Riu_S1_Yarbus","Riu","signaling",1,10,"correct bowl","throwing",355
"178","mobileET_ostension_Riu_S1_Yarbus","Riu","signaling",1,11,"body","throwing",0
"179","mobileET_ostension_Riu_S1_Yarbus","Riu","signaling",1,12,"face","throwing",0
"180","mobileET_ostension_Riu_S1_Yarbus","Riu","signaling",1,13,"face","control",0
"181","mobileET_ostension_Riu_S1_Yarbus","Riu","signaling",1,14,"body","throwing",0
"182","mobileET_ostension_Riu_S1_Yarbus","Riu","signaling",1,14,"hand","throwing",32
"183","mobileET_ostension_Riu_S1_Yarbus","Riu","signaling",1,15,"face","throwing",738
"184","mobileET_ostension_Riu_S1_Yarbus","Riu","signaling",1,15,"body","throwing",0
"185","mobileET_ostension_Riu_S1_Yarbus","Riu","signaling",1,15,"correct bowl","throwing",272
"186","mobileET_ostension_Riu_S1_Yarbus","Riu","signaling",1,15,"occluder","throwing",505
"187","mobileET_ostension_arco_s1_yarbus_new_part1","Arko3","signaling",1,1,"body","gazing",0
"188","mobileET_ostension_arco_s1_yarbus_new_part1","Arko3","signaling",1,2,"face","gazing",0
"189","mobileET_ostension_arco_s1_yarbus_new_part1","Arko3","signaling",1,2,"body","gazing",1572
"190","mobileET_ostension_arco_s1_yarbus_new_part1","Arko3","signaling",1,3,"incorrect bowl","control",0
"191","mobileET_ostension_arco_s1_yarbus_new_part1","Arko3","signaling",1,4,"body","gazing",0
"192","mobileET_ostension_arco_s1_yarbus_new_part1","Arko3","signaling",1,5,"face","gazing",0
"193","mobileET_ostension_arco_s1_yarbus_new_part1","Arko3","signaling",1,6,"face","gazing",7
"194","mobileET_ostension_arco_s1_yarbus_new_part1","Arko3","signaling",1,6,"body","gazing",0
"195","mobileET_ostension_arco_s1_yarbus_new_part1","Arko3","signaling",1,7,"body","gazing",315
"196","mobileET_ostension_arco_s1_yarbus_new_part1","Arko3","signaling",1,7,"correct bowl","gazing",0
"197","mobileET_ostension_arco_s1_yarbus_new_part2","Arko3","signaling",1,11,"body","pointing",0
"198","mobileET_ostension_arco_s1_yarbus_new_part2","Arko3","signaling",1,12,"body","pointing",0
"199","mobileET_ostension_arco_s1_yarbus_new_part2","Arko3","signaling",1,12,"occluder","pointing",427
"200","mobileET_ostension_arco_s1_yarbus_new_part2","Arko3","signaling",1,14,"body","pointing",0
"201","mobileET_ostension_arco_s1_yarbus_new_part2","Arko3","signaling",1,14,"hand","pointing",4220
"202","mobileET_ostension_arco_s1_yarbus_new_part2","Arko3","signaling",1,14,"correct bowl","pointing",5022
"203","mobileET_ostension_arco_s1_yarbus_new_part2","Arko3","signaling",1,14,"incorrect bowl","pointing",1782
"204","mobileET_ostension_arco_s1_yarbus_new_part2","Arko3","signaling",1,15,"face","pointing",468
"205","mobileET_ostension_arco_s1_yarbus_new_part2","Arko3","signaling",1,15,"body","pointing",235
"206","mobileET_ostension_arco_s1_yarbus_new_part2","Arko3","signaling",1,15,"hand","pointing",0
"207","mobileET_ostension_arco_s3_yarbus","Arko3","signaling",2,1,"face","throwing",0
"208","mobileET_ostension_arco_s3_yarbus","Arko3","signaling",2,1,"body","throwing",2185
"209","mobileET_ostension_arco_s3_yarbus","Arko3","signaling",2,1,"correct bowl","throwing",683
"210","mobileET_ostension_arco_s3_yarbus","Arko3","signaling",2,2,"face","throwing",63
"211","mobileET_ostension_arco_s3_yarbus","Arko3","signaling",2,2,"body","throwing",1831
"212","mobileET_ostension_arco_s3_yarbus","Arko3","signaling",2,2,"hand","throwing",0
"213","mobileET_ostension_arco_s3_yarbus","Arko3","signaling",2,3,"face","control",0
"214","mobileET_ostension_arco_s3_yarbus","Arko3","signaling",2,4,"face","throwing",0
"215","mobileET_ostension_arco_s3_yarbus","Arko3","signaling",2,4,"body","throwing",2003
"216","mobileET_ostension_arco_s3_yarbus","Arko3","signaling",2,5,"face","throwing",0
"217","mobileET_ostension_arco_s3_yarbus","Arko3","signaling",2,5,"body","throwing",2115
"218","mobileET_ostension_arco_s3_yarbus","Arko3","signaling",2,6,"face","throwing",0
"219","mobileET_ostension_arco_s3_yarbus","Arko3","signaling",2,6,"body","throwing",423
"220","mobileET_ostension_arco_s3_yarbus","Arko3","signaling",2,7,"face","throwing",0
"221","mobileET_ostension_arco_s3_yarbus","Arko3","signaling",2,7,"body","throwing",2268
"222","mobileET_ostension_arco_s3_yarbus","Arko3","signaling",2,8,"face","control",0
"223","mobileET_ostension_arco_s3_yarbus","Arko3","signaling",2,9,"hand","p+g",0
"224","mobileET_ostension_arco_s3_yarbus","Arko3","signaling",2,9,"correct bowl / hand","p+g",1135
"225","mobileET_ostension_arco_s3_yarbus","Arko3","signaling",2,9,"correct bowl","p+g",2537
"226","mobileET_ostension_arco_s3_yarbus","Arko3","signaling",2,10,"body","p+g",0
"227","mobileET_ostension_arco_s3_yarbus","Arko3","signaling",2,10,"hand","p+g",300
"228","mobileET_ostension_arco_s3_yarbus","Arko3","signaling",2,10,"incorrect bowl","p+g",2068
"229","mobileET_ostension_arco_s3_yarbus","Arko3","signaling",2,11,"hand","p+g",0
"230","mobileET_ostension_arco_s3_yarbus","Arko3","signaling",2,11,"correct bowl","p+g",1467
"231","mobileET_ostension_arco_s3_yarbus","Arko3","signaling",2,12,"body","p+g",0
"232","mobileET_ostension_arco_s3_yarbus","Arko3","signaling",2,12,"hand","p+g",517
"233","mobileET_ostension_arco_s3_yarbus","Arko3","signaling",2,12,"correct bowl / hand","p+g",384
"234","mobileET_ostension_arco_s3_yarbus","Arko3","signaling",2,12,"correct bowl","p+g",2854
"235","mobileET_ostension_arco_s3_yarbus","Arko3","signaling",2,14,"body","p+g",0
"236","mobileET_ostension_arco_s3_yarbus","Arko3","signaling",2,14,"hand","p+g",440
"237","mobileET_ostension_arco_s3_yarbus","Arko3","signaling",2,14,"incorrect bowl","p+g",2575
"238","mobileET_ostension_arco_s3_yarbus","Arko3","signaling",2,15,"face","p+g",3193
"239","mobileET_ostension_arco_s3_yarbus","Arko3","signaling",2,15,"hand","p+g",0
"240","mobileET_ostension_diara_s3_yarbus2","Diara","signaling",2,1,"face","p+g",0
"241","mobileET_ostension_diara_s3_yarbus2","Diara","signaling",2,1,"body","p+g",3535
"242","mobileET_ostension_diara_s3_yarbus2","Diara","signaling",2,1,"correct bowl","p+g",532
"243","mobileET_ostension_diara_s3_yarbus2","Diara","signaling",2,2,"face","p+g",3605
"244","mobileET_ostension_diara_s3_yarbus2","Diara","signaling",2,2,"body","p+g",3005
"245","mobileET_ostension_diara_s3_yarbus2","Diara","signaling",2,2,"hand","p+g",135
"246","mobileET_ostension_diara_s3_yarbus2","Diara","signaling",2,2,"correct bowl","p+g",0
"247","mobileET_ostension_diara_s3_yarbus2","Diara","signaling",2,3,"face","control",0
"248","mobileET_ostension_diara_s3_yarbus2","Diara","signaling",2,4,"face","p+g",1603
"249","mobileET_ostension_diara_s3_yarbus2","Diara","signaling",2,4,"correct bowl","p+g",0
"250","mobileET_ostension_diara_s3_yarbus2","Diara","signaling",2,5,"face","p+g",367
"251","mobileET_ostension_diara_s3_yarbus2","Diara","signaling",2,5,"hand","p+g",1600
"252","mobileET_ostension_diara_s3_yarbus2","Diara","signaling",2,5,"correct bowl","p+g",0
"253","mobileET_ostension_diara_s3_yarbus2","Diara","signaling",2,6,"face","p+g",2938
"254","mobileET_ostension_diara_s3_yarbus2","Diara","signaling",2,6,"hand","p+g",0
"255","mobileET_ostension_diara_s3_yarbus2","Diara","signaling",2,6,"correct bowl / hand","p+g",300
"256","mobileET_ostension_diara_s3_yarbus2","Diara","signaling",2,7,"face","p+g",3037
"257","mobileET_ostension_diara_s3_yarbus2","Diara","signaling",2,7,"correct bowl","p+g",0
"258","mobileET_ostension_diara_s3_yarbus2","Diara","signaling",2,8,"face","control",0
"259","mobileET_ostension_diara_s3_yarbus2","Diara","signaling",2,9,"face","pointing",0
"260","mobileET_ostension_diara_s3_yarbus2","Diara","signaling",2,9,"body","pointing",168
"261","mobileET_ostension_diara_s3_yarbus2","Diara","signaling",2,9,"hand","pointing",568
"262","mobileET_ostension_diara_s3_yarbus2","Diara","signaling",2,10,"face","pointing",2703
"263","mobileET_ostension_diara_s3_yarbus2","Diara","signaling",2,10,"correct bowl / hand","pointing",301
"264","mobileET_ostension_diara_s3_yarbus2","Diara","signaling",2,10,"correct bowl","pointing",0
"265","mobileET_ostension_diara_s3_yarbus2","Diara","signaling",2,11,"hand","pointing",0
"266","mobileET_ostension_diara_s3_yarbus2","Diara","signaling",2,12,"face","pointing",2183
"267","mobileET_ostension_diara_s3_yarbus2","Diara","signaling",2,12,"hand","pointing",0
"268","mobileET_ostension_diara_s3_yarbus2","Diara","signaling",2,12,"correct bowl","pointing",448
"269","mobileET_ostension_diara_s3_yarbus2","Diara","signaling",2,13,"face","control",0
"270","mobileET_ostension_diara_s3_yarbus2","Diara","signaling",2,14,"hand","pointing",337
"271","mobileET_ostension_diara_s3_yarbus2","Diara","signaling",2,14,"correct bowl","pointing",0
"272","mobileET_ostension_diara_s3_yarbus2","Diara","signaling",2,14,"occluder","pointing",1004
"273","mobileET_ostension_django_s1_yarbus","Django2","signaling",1,1,"face","throwing",0
"274","mobileET_ostension_django_s1_yarbus","Django2","signaling",1,1,"body","throwing",248
"275","mobileET_ostension_django_s1_yarbus","Django2","signaling",1,1,"correct bowl","throwing",1218
"276","mobileET_ostension_django_s1_yarbus","Django2","signaling",1,2,"face","throwing",0
"277","mobileET_ostension_django_s1_yarbus","Django2","signaling",1,2,"body","throwing",100
"278","mobileET_ostension_django_s1_yarbus","Django2","signaling",1,3,"face","control",0
"279","mobileET_ostension_django_s1_yarbus","Django2","signaling",1,3,"correct bowl","control",474
"280","mobileET_ostension_django_s1_yarbus","Django2","signaling",1,3,"incorrect bowl","control",841
"281","mobileET_ostension_django_s1_yarbus","Django2","signaling",1,4,"face","throwing",0
"282","mobileET_ostension_django_s1_yarbus","Django2","signaling",1,5,"face","throwing",0
"283","mobileET_ostension_django_s1_yarbus","Django2","signaling",1,5,"body","throwing",1432
"284","mobileET_ostension_django_s1_yarbus","Django2","signaling",1,5,"correct bowl","throwing",897
"285","mobileET_ostension_django_s1_yarbus","Django2","signaling",1,5,"occluder","throwing",432
"286","mobileET_ostension_django_s1_yarbus","Django2","signaling",1,6,"hand","throwing",0
"287","mobileET_ostension_django_s1_yarbus","Django2","signaling",1,7,"face","throwing",0
"288","mobileET_ostension_django_s1_yarbus","Django2","signaling",1,8,"face","control",0
"289","mobileET_ostension_django_s1_yarbus","Django2","signaling",1,8,"body","control",1911
"290","mobileET_ostension_django_s1_yarbus","Django2","signaling",1,9,"face","p+g",0
"291","mobileET_ostension_django_s1_yarbus","Django2","signaling",1,9,"body","p+g",1328
"292","mobileET_ostension_django_s1_yarbus","Django2","signaling",1,9,"hand","p+g",593
"293","mobileET_ostension_django_s1_yarbus","Django2","signaling",1,10,"face","p+g",0
"294","mobileET_ostension_django_s1_yarbus","Django2","signaling",1,10,"correct bowl","p+g",706
"295","mobileET_ostension_django_s1_yarbus","Django2","signaling",1,11,"face","p+g",0
"296","mobileET_ostension_django_s1_yarbus","Django2","signaling",1,11,"body","p+g",1086
"297","mobileET_ostension_django_s1_yarbus","Django2","signaling",1,11,"hand","p+g",719
"298","mobileET_ostension_django_s1_yarbus","Django2","signaling",1,11,"correct bowl","p+g",519
"299","mobileET_ostension_django_s1_yarbus","Django2","signaling",1,12,"face","p+g",0
"300","mobileET_ostension_django_s1_yarbus","Django2","signaling",1,13,"face","control",0
"301","mobileET_ostension_django_s1_yarbus","Django2","signaling",1,14,"face","p+g",635
"302","mobileET_ostension_django_s1_yarbus","Django2","signaling",1,14,"body","p+g",0
"303","mobileET_ostension_django_s1_yarbus","Django2","signaling",1,15,"face","p+g",0
"304","mobileET_ostension_django_s1_yarbus","Django2","signaling",1,15,"body","p+g",1842
"305","mobileET_ostension_django_s1_yarbus","Django2","signaling",1,15,"correct bowl","p+g",1305
"306","mobileET_ostension_django_s2_yarbus_new","Django2","signaling",2,2,"face","pointing",1475
"307","mobileET_ostension_django_s2_yarbus_new","Django2","signaling",2,2,"body","pointing",0
"308","mobileET_ostension_django_s2_yarbus_new","Django2","signaling",2,2,"correct bowl","pointing",543
"309","mobileET_ostension_django_s2_yarbus_new","Django2","signaling",2,3,"face","control",0
"310","mobileET_ostension_django_s2_yarbus_new","Django2","signaling",2,3,"incorrect bowl","control",223
"311","mobileET_ostension_django_s2_yarbus_new","Django2","signaling",2,4,"face","pointing",0
"312","mobileET_ostension_django_s2_yarbus_new","Django2","signaling",2,4,"correct bowl","pointing",1198
"313","mobileET_ostension_django_s2_yarbus_new","Django2","signaling",2,5,"face","pointing",0
"314","mobileET_ostension_django_s2_yarbus_new","Django2","signaling",2,5,"body","pointing",435
"315","mobileET_ostension_django_s2_yarbus_new","Django2","signaling",2,6,"face","pointing",0
"316","mobileET_ostension_django_s2_yarbus_new","Django2","signaling",2,6,"body","pointing",375
"317","mobileET_ostension_django_s2_yarbus_new","Django2","signaling",2,7,"face","pointing",0
"318","mobileET_ostension_django_s2_yarbus_new","Django2","signaling",2,8,"face","control",0
"319","mobileET_ostension_django_s2_yarbus_new","Django2","signaling",2,9,"face","gazing",0
"320","mobileET_ostension_django_s2_yarbus_new","Django2","signaling",2,9,"correct bowl","gazing",799
"321","mobileET_ostension_django_s2_yarbus_new","Django2","signaling",2,10,"face","gazing",3209
"322","mobileET_ostension_django_s2_yarbus_new","Django2","signaling",2,10,"body","gazing",0
"323","mobileET_ostension_django_s2_yarbus_new","Django2","signaling",2,11,"face","gazing",0
"324","mobileET_ostension_django_s2_yarbus_new","Django2","signaling",2,12,"face","gazing",0
"325","mobileET_ostension_django_s2_yarbus_new","Django2","signaling",2,13,"face","control",0
"326","mobileET_ostension_django_s2_yarbus_new","Django2","signaling",2,14,"face","gazing",0
"327","mobileET_ostension_django_s2_yarbus_new","Django2","signaling",2,15,"face","gazing",0
"328","mobileET_ostension_django_s2_yarbus_new","Django2","signaling",2,15,"correct bowl","gazing",4285
"329","mobileET_ostension_edgar_s1_yarbus","Edgar3","signaling",1,1,"face","gazing",0
"330","mobileET_ostension_edgar_s1_yarbus","Edgar3","signaling",1,2,"face","gazing",0
"331","mobileET_ostension_edgar_s1_yarbus","Edgar3","signaling",1,3,"face","control",0
"332","mobileET_ostension_edgar_s1_yarbus","Edgar3","signaling",1,4,"face","gazing",0
"333","mobileET_ostension_edgar_s1_yarbus","Edgar3","signaling",1,4,"correct bowl","gazing",884
"334","mobileET_ostension_edgar_s1_yarbus","Edgar3","signaling",1,5,"body","gazing",0
"335","mobileET_ostension_edgar_s1_yarbus","Edgar3","signaling",1,5,"incorrect bowl","gazing",1058
"336","mobileET_ostension_edgar_s1_yarbus","Edgar3","signaling",1,6,"correct bowl","gazing",0
"337","mobileET_ostension_edgar_s1_yarbus","Edgar3","signaling",1,7,"body","gazing",0
"338","mobileET_ostension_edgar_s1_yarbus","Edgar3","signaling",1,8,"face","control",0
"339","mobileET_ostension_edgar_s1_yarbus","Edgar3","signaling",1,9,"face","throwing",0
"340","mobileET_ostension_edgar_s1_yarbus","Edgar3","signaling",1,9,"body","throwing",933
"341","mobileET_ostension_edgar_s1_yarbus","Edgar3","signaling",1,10,"body","throwing",0
"342","mobileET_ostension_edgar_s1_yarbus","Edgar3","signaling",1,11,"body","throwing",530
"343","mobileET_ostension_edgar_s1_yarbus","Edgar3","signaling",1,11,"hand","throwing",0
"344","mobileET_ostension_edgar_s1_yarbus","Edgar3","signaling",1,12,"hand","throwing",0
"345","mobileET_ostension_edgar_s1_yarbus","Edgar3","signaling",1,13,"body","control",1872
"346","mobileET_ostension_edgar_s1_yarbus","Edgar3","signaling",1,13,"incorrect bowl","control",0
"347","mobileET_ostension_edgar_s1_yarbus","Edgar3","signaling",1,14,"body","throwing",0
"348","mobileET_ostension_edgar_s1_yarbus","Edgar3","signaling",1,15,"body","throwing",0
"349","mobileET_ostension_edgar_s1_yarbus","Edgar3","signaling",1,15,"correct bowl","throwing",334
"350","mobileET_ostension_edgar_s3_yarbus","Edgar3","signaling",2,1,"face","p+g",0
"351","mobileET_ostension_edgar_s3_yarbus","Edgar3","signaling",2,1,"body","p+g",160
"352","mobileET_ostension_edgar_s3_yarbus","Edgar3","signaling",2,1,"hand","p+g",327
"353","mobileET_ostension_edgar_s3_yarbus","Edgar3","signaling",2,2,"body","p+g",0
"354","mobileET_ostension_edgar_s3_yarbus","Edgar3","signaling",2,2,"hand","p+g",1902
"355","mobileET_ostension_edgar_s3_yarbus","Edgar3","signaling",2,3,"face","control",0
"356","mobileET_ostension_edgar_s3_yarbus","Edgar3","signaling",2,4,"face","p+g",0
"357","mobileET_ostension_edgar_s3_yarbus","Edgar3","signaling",2,4,"hand","p+g",588
"358","mobileET_ostension_edgar_s3_yarbus","Edgar3","signaling",2,5,"face","p+g",0
"359","mobileET_ostension_edgar_s3_yarbus","Edgar3","signaling",2,5,"hand","p+g",326
"360","mobileET_ostension_edgar_s3_yarbus","Edgar3","signaling",2,5,"correct bowl","p+g",761
"361","mobileET_ostension_edgar_s3_yarbus","Edgar3","signaling",2,6,"face","p+g",2170
"362","mobileET_ostension_edgar_s3_yarbus","Edgar3","signaling",2,6,"body","p+g",0
"363","mobileET_ostension_edgar_s3_yarbus","Edgar3","signaling",2,6,"hand","p+g",334
"364","mobileET_ostension_edgar_s3_yarbus","Edgar3","signaling",2,7,"face","p+g",1882
"365","mobileET_ostension_edgar_s3_yarbus","Edgar3","signaling",2,7,"correct bowl / hand","p+g",0
"366","mobileET_ostension_edgar_s3_yarbus","Edgar3","signaling",2,7,"correct bowl","p+g",1149
"367","mobileET_ostension_edgar_s3_yarbus","Edgar3","signaling",2,8,"face","control",0
"368","mobileET_ostension_edgar_s3_yarbus","Edgar3","signaling",2,8,"body","control",522
"369","mobileET_ostension_edgar_s3_yarbus","Edgar3","signaling",2,9,"face","pointing",0
"370","mobileET_ostension_edgar_s3_yarbus","Edgar3","signaling",2,9,"body","pointing",364
"371","mobileET_ostension_edgar_s3_yarbus","Edgar3","signaling",2,10,"face","pointing",0
"372","mobileET_ostension_edgar_s3_yarbus","Edgar3","signaling",2,10,"body","pointing",441
"373","mobileET_ostension_edgar_s3_yarbus","Edgar3","signaling",2,11,"face","pointing",0
"374","mobileET_ostension_edgar_s3_yarbus","Edgar3","signaling",2,12,"face","pointing",0
"375","mobileET_ostension_edgar_s3_yarbus","Edgar3","signaling",2,14,"face","pointing",1802
"376","mobileET_ostension_edgar_s3_yarbus","Edgar3","signaling",2,14,"correct bowl","pointing",0
"377","mobileET_ostension_edgar_s3_yarbus","Edgar3","signaling",2,15,"face","pointing",600
"378","mobileET_ostension_edgar_s3_yarbus","Edgar3","signaling",2,15,"body","pointing",0
"379","mobileET_ostension_edgar_s3_yarbus","Edgar3","signaling",2,15,"hand","pointing",300
"380","mobileET_ostension_emil_s2_yarbus","Emil9","signaling",1,1,"body","p+g",1082
"381","mobileET_ostension_emil_s2_yarbus","Emil9","signaling",1,1,"hand","p+g",0
"382","mobileET_ostension_emil_s2_yarbus","Emil9","signaling",1,1,"correct bowl","p+g",2582
"383","mobileET_ostension_emil_s2_yarbus","Emil9","signaling",1,1,"incorrect bowl","p+g",1747
"384","mobileET_ostension_emil_s2_yarbus","Emil9","signaling",1,2,"body","p+g",0
"385","mobileET_ostension_emil_s2_yarbus","Emil9","signaling",1,2,"hand","p+g",223
"386","mobileET_ostension_emil_s2_yarbus","Emil9","signaling",1,2,"correct bowl","p+g",493
"387","mobileET_ostension_emil_s2_yarbus","Emil9","signaling",1,3,"face","control",0
"388","mobileET_ostension_emil_s2_yarbus","Emil9","signaling",1,3,"body","control",433
"389","mobileET_ostension_emil_s2_yarbus","Emil9","signaling",1,4,"hand","p+g",0
"390","mobileET_ostension_emil_s2_yarbus","Emil9","signaling",1,4,"correct bowl","p+g",213
"391","mobileET_ostension_emil_s2_yarbus","Emil9","signaling",1,4,"incorrect bowl","p+g",2015
"392","mobileET_ostension_emil_s2_yarbus","Emil9","signaling",1,5,"body","p+g",1102
"393","mobileET_ostension_emil_s2_yarbus","Emil9","signaling",1,5,"hand","p+g",0
"394","mobileET_ostension_emil_s2_yarbus","Emil9","signaling",1,5,"correct bowl","p+g",2637
"395","mobileET_ostension_emil_s2_yarbus","Emil9","signaling",1,6,"body","p+g",1567
"396","mobileET_ostension_emil_s2_yarbus","Emil9","signaling",1,6,"hand","p+g",335
"397","mobileET_ostension_emil_s2_yarbus","Emil9","signaling",1,6,"correct bowl","p+g",3305
"398","mobileET_ostension_emil_s2_yarbus","Emil9","signaling",1,6,"occluder","p+g",0
"399","mobileET_ostension_emil_s2_yarbus","Emil9","signaling",1,7,"face","p+g",1212
"400","mobileET_ostension_emil_s2_yarbus","Emil9","signaling",1,7,"body","p+g",3382
"401","mobileET_ostension_emil_s2_yarbus","Emil9","signaling",1,7,"hand","p+g",0
"402","mobileET_ostension_emil_s2_yarbus","Emil9","signaling",1,7,"correct bowl / hand","p+g",944
"403","mobileET_ostension_emil_s2_yarbus","Emil9","signaling",1,7,"correct bowl","p+g",309
"404","mobileET_ostension_emil_s2_yarbus","Emil9","signaling",1,8,"face","control",0
"405","mobileET_ostension_emil_s2_yarbus","Emil9","signaling",1,8,"body","control",388
"406","mobileET_ostension_emil_s2_yarbus","Emil9","signaling",1,9,"face","gazing",900
"407","mobileET_ostension_emil_s2_yarbus","Emil9","signaling",1,9,"body","gazing",0
"408","mobileET_ostension_emil_s2_yarbus","Emil9","signaling",1,10,"face","gazing",0
"409","mobileET_ostension_emil_s2_yarbus","Emil9","signaling",1,10,"body","gazing",2918
"410","mobileET_ostension_emil_s2_yarbus","Emil9","signaling",1,11,"face","gazing",0
"411","mobileET_ostension_emil_s2_yarbus","Emil9","signaling",1,12,"face","gazing",0
"412","mobileET_ostension_emil_s2_yarbus","Emil9","signaling",1,13,"face","control",0
"413","mobileET_ostension_emil_s2_yarbus","Emil9","signaling",1,14,"face","gazing",0
"414","mobileET_ostension_emil_s2_yarbus","Emil9","signaling",1,14,"body","gazing",625
"415","mobileET_ostension_emil_s2_yarbus","Emil9","signaling",1,15,"face","gazing",0
"416","mobileET_ostension_emil_s2_yarbus","Emil9","signaling",1,15,"body","gazing",4675
"417","mobileET_ostension_emil_s3_yarbus","Emil9","signaling",2,1,"body","throwing",1154
"418","mobileET_ostension_emil_s3_yarbus","Emil9","signaling",2,1,"hand","throwing",0
"419","mobileET_ostension_emil_s3_yarbus","Emil9","signaling",2,1,"correct bowl","throwing",319
"420","mobileET_ostension_emil_s3_yarbus","Emil9","signaling",2,2,"body","throwing",1764
"421","mobileET_ostension_emil_s3_yarbus","Emil9","signaling",2,2,"hand","throwing",0
"422","mobileET_ostension_emil_s3_yarbus","Emil9","signaling",2,2,"correct bowl","throwing",895
"423","mobileET_ostension_emil_s3_yarbus","Emil9","signaling",2,3,"body","control",0
"424","mobileET_ostension_emil_s3_yarbus","Emil9","signaling",2,4,"body","throwing",986
"425","mobileET_ostension_emil_s3_yarbus","Emil9","signaling",2,4,"hand","throwing",0
"426","mobileET_ostension_emil_s3_yarbus","Emil9","signaling",2,4,"occluder","throwing",1888
"427","mobileET_ostension_emil_s3_yarbus","Emil9","signaling",2,5,"face","throwing",0
"428","mobileET_ostension_emil_s3_yarbus","Emil9","signaling",2,5,"body","throwing",1199
"429","mobileET_ostension_emil_s3_yarbus","Emil9","signaling",2,5,"occluder","throwing",664
"430","mobileET_ostension_emil_s3_yarbus","Emil9","signaling",2,6,"hand","throwing",0
"431","mobileET_ostension_emil_s3_yarbus","Emil9","signaling",2,7,"body","throwing",116
"432","mobileET_ostension_emil_s3_yarbus","Emil9","signaling",2,7,"hand","throwing",0
"433","mobileET_ostension_emil_s3_yarbus","Emil9","signaling",2,7,"correct bowl","throwing",619
"434","mobileET_ostension_emil_s3_yarbus","Emil9","signaling",2,8,"face","control",0
"435","mobileET_ostension_emil_s3_yarbus","Emil9","signaling",2,9,"face","pointing",682
"436","mobileET_ostension_emil_s3_yarbus","Emil9","signaling",2,9,"body","pointing",0
"437","mobileET_ostension_emil_s3_yarbus","Emil9","signaling",2,9,"correct bowl","pointing",315
"438","mobileET_ostension_emil_s3_yarbus","Emil9","signaling",2,10,"face","pointing",632
"439","mobileET_ostension_emil_s3_yarbus","Emil9","signaling",2,10,"body","pointing",3170
"440","mobileET_ostension_emil_s3_yarbus","Emil9","signaling",2,10,"hand","pointing",0
"441","mobileET_ostension_emil_s3_yarbus","Emil9","signaling",2,10,"occluder","pointing",2870
"442","mobileET_ostension_emil_s3_yarbus","Emil9","signaling",2,11,"body","pointing",200
"443","mobileET_ostension_emil_s3_yarbus","Emil9","signaling",2,11,"hand","pointing",0
"444","mobileET_ostension_emil_s3_yarbus","Emil9","signaling",2,12,"face","pointing",413
"445","mobileET_ostension_emil_s3_yarbus","Emil9","signaling",2,12,"body","pointing",0
"446","mobileET_ostension_emil_s3_yarbus","Emil9","signaling",2,12,"hand","pointing",178
"447","mobileET_ostension_emil_s3_yarbus","Emil9","signaling",2,13,"face","control",0
"448","mobileET_ostension_emil_s3_yarbus","Emil9","signaling",2,14,"face","pointing",0
"449","mobileET_ostension_emil_s3_yarbus","Emil9","signaling",2,14,"body","pointing",1800
"450","mobileET_ostension_emil_s3_yarbus","Emil9","signaling",2,14,"hand","pointing",665
"451","mobileET_ostension_emil_s3_yarbus","Emil9","signaling",2,15,"face","pointing",283
"452","mobileET_ostension_emil_s3_yarbus","Emil9","signaling",2,15,"body","pointing",1118
"453","mobileET_ostension_emil_s3_yarbus","Emil9","signaling",2,15,"hand","pointing",0
"454","mobileET_ostension_floki_s2_yarbus_new","Floki","signaling",1,1,"face","pointing",0
"455","mobileET_ostension_floki_s2_yarbus_new","Floki","signaling",1,1,"correct bowl","pointing",594
"456","mobileET_ostension_floki_s2_yarbus_new","Floki","signaling",1,2,"face","pointing",0
"457","mobileET_ostension_floki_s2_yarbus_new","Floki","signaling",1,3,"face","pointing",0
"458","mobileET_ostension_floki_s2_yarbus_new","Floki","signaling",1,3,"body","pointing",212
"459","mobileET_ostension_floki_s2_yarbus_new","Floki","signaling",1,4,"face","pointing",0
"460","mobileET_ostension_floki_s2_yarbus_new","Floki","signaling",1,5,"face","control",0
"461","mobileET_ostension_floki_s2_yarbus_new","Floki","signaling",1,6,"face","pointing",0
"462","mobileET_ostension_floki_s2_yarbus_new","Floki","signaling",1,7,"face","pointing",0
"463","mobileET_ostension_floki_s2_yarbus_new","Floki","signaling",1,8,"face","control",0
"464","mobileET_ostension_floki_s2_yarbus_new","Floki","signaling",1,9,"face","p+g",0
"465","mobileET_ostension_floki_s2_yarbus_new","Floki","signaling",1,10,"face","p+g",0
"466","mobileET_ostension_floki_s2_yarbus_new","Floki","signaling",1,10,"hand","p+g",170
"467","mobileET_ostension_floki_s2_yarbus_new","Floki","signaling",1,12,"face","p+g",1902
"468","mobileET_ostension_floki_s2_yarbus_new","Floki","signaling",1,12,"hand","p+g",0
"469","mobileET_ostension_floki_s2_yarbus_new","Floki","signaling",1,12,"correct bowl","p+g",799
"470","mobileET_ostension_floki_s2_yarbus_new","Floki","signaling",1,13,"face","control",0
"471","mobileET_ostension_floki_s3_yarbus","Floki","signaling",2,1,"body","throwing",1065
"472","mobileET_ostension_floki_s3_yarbus","Floki","signaling",2,1,"hand","throwing",0
"473","mobileET_ostension_floki_s3_yarbus","Floki","signaling",2,3,"body","control",0
"474","mobileET_ostension_floki_s3_yarbus","Floki","signaling",2,7,"body","throwing",0
"475","mobileET_ostension_floki_s3_yarbus","Floki","signaling",2,13,"face","control",1233
"476","mobileET_ostension_floki_s3_yarbus","Floki","signaling",2,13,"body","control",0
"477","mobileET_ostension_floki_s3_yarbus","Floki","signaling",2,14,"face","gazing",1267
"478","mobileET_ostension_floki_s3_yarbus","Floki","signaling",2,14,"body","gazing",0
"479","mobileET_ostension_jimi_s2_yarbus","Jimi","signaling",2,1,"face","pointing",416
"480","mobileET_ostension_jimi_s2_yarbus","Jimi","signaling",2,1,"body","pointing",0
"481","mobileET_ostension_jimi_s2_yarbus","Jimi","signaling",2,1,"hand","pointing",2051
"482","mobileET_ostension_jimi_s2_yarbus","Jimi","signaling",2,1,"correct bowl / hand","pointing",1081
"483","mobileET_ostension_jimi_s2_yarbus","Jimi","signaling",2,1,"correct bowl","pointing",1281
"484","mobileET_ostension_jimi_s2_yarbus","Jimi","signaling",2,2,"face","pointing",0
"485","mobileET_ostension_jimi_s2_yarbus","Jimi","signaling",2,2,"body","pointing",792
"486","mobileET_ostension_jimi_s2_yarbus","Jimi","signaling",2,2,"hand","pointing",525
"487","mobileET_ostension_jimi_s2_yarbus","Jimi","signaling",2,3,"face","control",0
"488","mobileET_ostension_jimi_s2_yarbus","Jimi","signaling",2,4,"body","pointing",0
"489","mobileET_ostension_jimi_s2_yarbus","Jimi","signaling",2,4,"hand","pointing",514
"490","mobileET_ostension_jimi_s2_yarbus","Jimi","signaling",2,5,"face","pointing",1089
"491","mobileET_ostension_jimi_s2_yarbus","Jimi","signaling",2,5,"body","pointing",0
"492","mobileET_ostension_jimi_s2_yarbus","Jimi","signaling",2,6,"body","pointing",0
"493","mobileET_ostension_jimi_s2_yarbus","Jimi","signaling",2,6,"hand","pointing",602
"494","mobileET_ostension_jimi_s2_yarbus","Jimi","signaling",2,7,"face","pointing",1148
"495","mobileET_ostension_jimi_s2_yarbus","Jimi","signaling",2,7,"body","pointing",0
"496","mobileET_ostension_jimi_s2_yarbus","Jimi","signaling",2,7,"hand","pointing",379
"497","mobileET_ostension_jimi_s2_yarbus","Jimi","signaling",2,9,"body","throwing",0
"498","mobileET_ostension_jimi_s2_yarbus","Jimi","signaling",2,11,"body","throwing",0
"499","mobileET_ostension_jimi_s2_yarbus","Jimi","signaling",2,12,"face","throwing",0
"500","mobileET_ostension_jimi_s2_yarbus","Jimi","signaling",2,12,"body","throwing",1077
"501","mobileET_ostension_jimi_s2_yarbus","Jimi","signaling",2,12,"correct bowl","throwing",412
"502","mobileET_ostension_jimi_s2_yarbus","Jimi","signaling",2,13,"body","control",0
"503","mobileET_ostension_jimi_s2_yarbus","Jimi","signaling",2,14,"face","throwing",0
"504","mobileET_ostension_jimi_s2_yarbus","Jimi","signaling",2,14,"body","throwing",778
"505","mobileET_ostension_jimi_s2_yarbus","Jimi","signaling",2,15,"body","throwing",0
"506","mobileET_ostension_jimi_s2_yarbus","Jimi","signaling",2,15,"hand","throwing",2391
"507","mobileET_ostension_juna_s1_yarbus","Juna","signaling",1,1,"face","throwing",0
"508","mobileET_ostension_juna_s1_yarbus","Juna","signaling",1,2,"face","throwing",233
"509","mobileET_ostension_juna_s1_yarbus","Juna","signaling",1,2,"body","throwing",0
"510","mobileET_ostension_juna_s1_yarbus","Juna","signaling",1,3,"body","control",0
"511","mobileET_ostension_juna_s1_yarbus","Juna","signaling",1,4,"face","throwing",0
"512","mobileET_ostension_juna_s1_yarbus","Juna","signaling",1,5,"face","throwing",1585
"513","mobileET_ostension_juna_s1_yarbus","Juna","signaling",1,5,"body","throwing",383
"514","mobileET_ostension_juna_s1_yarbus","Juna","signaling",1,5,"hand","throwing",0
"515","mobileET_ostension_juna_s1_yarbus","Juna","signaling",1,6,"face","throwing",0
"516","mobileET_ostension_juna_s1_yarbus","Juna","signaling",1,6,"body","throwing",1526
"517","mobileET_ostension_juna_s1_yarbus","Juna","signaling",1,7,"face","throwing",335
"518","mobileET_ostension_juna_s1_yarbus","Juna","signaling",1,7,"body","throwing",0
"519","mobileET_ostension_juna_s1_yarbus","Juna","signaling",1,8,"face","control",0
"520","mobileET_ostension_juna_s1_yarbus","Juna","signaling",1,9,"hand","pointing",0
"521","mobileET_ostension_juna_s1_yarbus","Juna","signaling",1,10,"face","pointing",3119
"522","mobileET_ostension_juna_s1_yarbus","Juna","signaling",1,10,"body","pointing",0
"523","mobileET_ostension_juna_s1_yarbus","Juna","signaling",1,10,"hand","pointing",1418
"524","mobileET_ostension_juna_s1_yarbus","Juna","signaling",1,10,"correct bowl / hand","pointing",1518
"525","mobileET_ostension_juna_s1_yarbus","Juna","signaling",1,11,"face","pointing",700
"526","mobileET_ostension_juna_s1_yarbus","Juna","signaling",1,11,"body","pointing",434
"527","mobileET_ostension_juna_s1_yarbus","Juna","signaling",1,11,"hand","pointing",0
"528","mobileET_ostension_juna_s1_yarbus","Juna","signaling",1,12,"face","pointing",268
"529","mobileET_ostension_juna_s1_yarbus","Juna","signaling",1,12,"body","pointing",0
"530","mobileET_ostension_juna_s1_yarbus","Juna","signaling",1,12,"hand","pointing",668
"531","mobileET_ostension_juna_s1_yarbus","Juna","signaling",1,13,"face","control",0
"532","mobileET_ostension_juna_s1_yarbus","Juna","signaling",1,14,"face","pointing",1454
"533","mobileET_ostension_juna_s1_yarbus","Juna","signaling",1,14,"body","pointing",0
"534","mobileET_ostension_juna_s1_yarbus","Juna","signaling",1,14,"hand","pointing",1154
"535","mobileET_ostension_juna_s1_yarbus","Juna","signaling",1,15,"face","pointing",0
"536","mobileET_ostension_juna_s1_yarbus","Juna","signaling",1,15,"body","pointing",1295
"537","mobileET_ostension_juna_s1_yarbus","Juna","signaling",1,15,"hand","pointing",561
"538","mobileET_ostension_juna_s3_yarbus","Juna","signaling",2,1,"body","p+g",0
"539","mobileET_ostension_juna_s3_yarbus","Juna","signaling",2,1,"hand","p+g",594
"540","mobileET_ostension_juna_s3_yarbus","Juna","signaling",2,2,"body","p+g",0
"541","mobileET_ostension_juna_s3_yarbus","Juna","signaling",2,2,"hand","p+g",502
"542","mobileET_ostension_juna_s3_yarbus","Juna","signaling",2,3,"body","control",0
"543","mobileET_ostension_juna_s3_yarbus","Juna","signaling",2,4,"body","p+g",0
"544","mobileET_ostension_juna_s3_yarbus","Juna","signaling",2,5,"body","p+g",591
"545","mobileET_ostension_juna_s3_yarbus","Juna","signaling",2,5,"hand","p+g",0
"546","mobileET_ostension_juna_s3_yarbus","Juna","signaling",2,6,"body","p+g",0
"547","mobileET_ostension_juna_s3_yarbus","Juna","signaling",2,7,"face","p+g",2309
"548","mobileET_ostension_juna_s3_yarbus","Juna","signaling",2,7,"body","p+g",0
"549","mobileET_ostension_juna_s3_yarbus","Juna","signaling",2,8,"face","control",600
"550","mobileET_ostension_juna_s3_yarbus","Juna","signaling",2,8,"body","control",0
"551","mobileET_ostension_juna_s3_yarbus","Juna","signaling",2,9,"face","gazing",0
"552","mobileET_ostension_juna_s3_yarbus","Juna","signaling",2,9,"body","gazing",2037
"553","mobileET_ostension_juna_s3_yarbus","Juna","signaling",2,10,"face","gazing",0
"554","mobileET_ostension_juna_s3_yarbus","Juna","signaling",2,10,"body","gazing",1339
"555","mobileET_ostension_juna_s3_yarbus","Juna","signaling",2,11,"face","gazing",0
"556","mobileET_ostension_juna_s3_yarbus","Juna","signaling",2,11,"body","gazing",13
"557","mobileET_ostension_juna_s3_yarbus","Juna","signaling",2,12,"face","gazing",1587
"558","mobileET_ostension_juna_s3_yarbus","Juna","signaling",2,12,"body","gazing",0
"559","mobileET_ostension_juna_s3_yarbus","Juna","signaling",2,13,"body","control",0
"560","mobileET_ostension_juna_s3_yarbus","Juna","signaling",2,14,"body","gazing",0
"561","mobileET_ostension_juna_s3_yarbus","Juna","signaling",2,15,"body","gazing",0
"562","mobileET_ostension_lenny_s2_yarbus","Lenny","signaling",1,2,"body","pointing",0
"563","mobileET_ostension_lenny_s2_yarbus","Lenny","signaling",1,3,"body","pointing",0
"564","mobileET_ostension_lenny_s2_yarbus","Lenny","signaling",1,3,"correct bowl","pointing",410
"565","mobileET_ostension_lenny_s2_yarbus","Lenny","signaling",1,4,"hand","pointing",353
"566","mobileET_ostension_lenny_s2_yarbus","Lenny","signaling",1,4,"incorrect bowl","pointing",0
"567","mobileET_ostension_lenny_s2_yarbus","Lenny","signaling",1,5,"body","pointing",0
"568","mobileET_ostension_lenny_s2_yarbus","Lenny","signaling",1,6,"face","control",0
"569","mobileET_ostension_lenny_s2_yarbus","Lenny","signaling",1,6,"body","control",698
"570","mobileET_ostension_lenny_s2_yarbus","Lenny","signaling",1,8,"face","p+g",0
"571","mobileET_ostension_lenny_s2_yarbus","Lenny","signaling",1,8,"body","p+g",157
"572","mobileET_ostension_lenny_s2_yarbus","Lenny","signaling",1,8,"correct bowl","p+g",1927
"573","mobileET_ostension_lenny_s2_yarbus","Lenny","signaling",1,8,"occluder","p+g",825
"574","mobileET_ostension_lenny_s2_yarbus","Lenny","signaling",1,9,"incorrect bowl","control",0
"575","mobileET_ostension_lenny_s2_yarbus","Lenny","signaling",1,10,"body","p+g",0
"576","mobileET_ostension_lenny_s2_yarbus","Lenny","signaling",1,10,"hand","p+g",461
"577","mobileET_ostension_lenny_s2_yarbus","Lenny","signaling",1,10,"correct bowl","p+g",764
"578","mobileET_ostension_lenny_s2_yarbus","Lenny","signaling",1,11,"face","p+g",1170
"579","mobileET_ostension_lenny_s2_yarbus","Lenny","signaling",1,11,"body","p+g",0
"580","mobileET_ostension_lenny_s2_yarbus","Lenny","signaling",1,12,"hand","p+g",0
"581","mobileET_ostension_lenny_s2_yarbus","Lenny","signaling",1,12,"correct bowl","p+g",435
"582","mobileET_ostension_lenny_s2_yarbus","Lenny","signaling",1,13,"body","control",0
"583","mobileET_ostension_lenny_s2_yarbus","Lenny","signaling",1,14,"face","p+g",0
"584","mobileET_ostension_lenny_s2_yarbus","Lenny","signaling",1,14,"body","p+g",160
"585","mobileET_ostension_lenny_s2_yarbus","Lenny","signaling",1,14,"correct bowl","p+g",928
"586","mobileET_ostension_lenny_s2_yarbus","Lenny","signaling",1,14,"occluder","p+g",2298
"587","mobileET_ostension_lenny_s2_yarbus","Lenny","signaling",1,15,"body","p+g",0
"588","mobileET_ostension_lenny_s2_yarbus","Lenny","signaling",1,15,"hand","p+g",203
"589","mobileET_ostension_lenny_s2_yarbus","Lenny","signaling",1,15,"correct bowl","p+g",836
"590","mobileET_ostension_lenny_s3_yarbus","Lenny","signaling",2,1,"incorrect bowl","throwing",0
"591","mobileET_ostension_lenny_s3_yarbus","Lenny","signaling",2,2,"body","throwing",0
"592","mobileET_ostension_lenny_s3_yarbus","Lenny","signaling",2,2,"incorrect bowl","throwing",1210
"593","mobileET_ostension_lenny_s3_yarbus","Lenny","signaling",2,3,"body","control",0
"594","mobileET_ostension_lenny_s3_yarbus","Lenny","signaling",2,4,"body","throwing",495
"595","mobileET_ostension_lenny_s3_yarbus","Lenny","signaling",2,4,"hand","throwing",0
"596","mobileET_ostension_lenny_s3_yarbus","Lenny","signaling",2,5,"body","throwing",0
"597","mobileET_ostension_lenny_s3_yarbus","Lenny","signaling",2,6,"correct bowl","throwing",0
"598","mobileET_ostension_lenny_s3_yarbus","Lenny","signaling",2,7,"body","throwing",0
"599","mobileET_ostension_lenny_s3_yarbus","Lenny","signaling",2,8,"body","control",0
"600","mobileET_ostension_lenny_s3_yarbus","Lenny","signaling",2,9,"body","gazing",0
"601","mobileET_ostension_lenny_s3_yarbus","Lenny","signaling",2,9,"hand","gazing",421
"602","mobileET_ostension_lenny_s3_yarbus","Lenny","signaling",2,14,"face","gazing",0
"603","mobileET_ostension_lenny_s3_yarbus","Lenny","signaling",2,15,"face","gazing",0
"604","mobileET_ostension_lillybet_s2_yarbus","Lillybet","signaling",1,1,"face","throwing",0
"605","mobileET_ostension_lillybet_s2_yarbus","Lillybet","signaling",1,2,"face","throwing",0
"606","mobileET_ostension_lillybet_s2_yarbus","Lillybet","signaling",1,2,"body","throwing",2542
"607","mobileET_ostension_lillybet_s2_yarbus","Lillybet","signaling",1,3,"face","control",0
"608","mobileET_ostension_lillybet_s2_yarbus","Lillybet","signaling",1,4,"face","throwing",0
"609","mobileET_ostension_lillybet_s2_yarbus","Lillybet","signaling",1,5,"face","throwing",0
"610","mobileET_ostension_lillybet_s2_yarbus","Lillybet","signaling",1,5,"body","throwing",576
"611","mobileET_ostension_lillybet_s2_yarbus","Lillybet","signaling",1,6,"face","throwing",0
"612","mobileET_ostension_lillybet_s2_yarbus","Lillybet","signaling",1,7,"face","throwing",0
"613","mobileET_ostension_lillybet_s2_yarbus","Lillybet","signaling",1,8,"face","control",0
"614","mobileET_ostension_lillybet_s2_yarbus","Lillybet","signaling",1,9,"body","pointing",0
"615","mobileET_ostension_lillybet_s2_yarbus","Lillybet","signaling",1,10,"face","pointing",0
"616","mobileET_ostension_lillybet_s2_yarbus","Lillybet","signaling",1,11,"face","pointing",0
"617","mobileET_ostension_lillybet_s2_yarbus","Lillybet","signaling",1,12,"body","pointing",460
"618","mobileET_ostension_lillybet_s2_yarbus","Lillybet","signaling",1,12,"hand","pointing",0
"619","mobileET_ostension_lillybet_s2_yarbus","Lillybet","signaling",1,13,"face","control",0
"620","mobileET_ostension_lillybet_s2_yarbus","Lillybet","signaling",1,14,"face","pointing",0
"621","mobileET_ostension_lillybet_s2_yarbus","Lillybet","signaling",1,15,"face","pointing",901
"622","mobileET_ostension_lillybet_s2_yarbus","Lillybet","signaling",1,15,"body","pointing",0
"623","mobileET_ostension_lillybet_s3_yarbus","Lillybet","signaling",2,1,"face","p+g",0
"624","mobileET_ostension_lillybet_s3_yarbus","Lillybet","signaling",2,2,"face","p+g",219
"625","mobileET_ostension_lillybet_s3_yarbus","Lillybet","signaling",2,2,"body","p+g",0
"626","mobileET_ostension_lillybet_s3_yarbus","Lillybet","signaling",2,3,"face","control",0
"627","mobileET_ostension_lillybet_s3_yarbus","Lillybet","signaling",2,4,"body","p+g",0
"628","mobileET_ostension_lillybet_s3_yarbus","Lillybet","signaling",2,4,"hand","p+g",1507
"629","mobileET_ostension_lillybet_s3_yarbus","Lillybet","signaling",2,5,"body","p+g",0
"630","mobileET_ostension_lillybet_s3_yarbus","Lillybet","signaling",2,6,"body","p+g",0
"631","mobileET_ostension_lillybet_s3_yarbus","Lillybet","signaling",2,7,"face","p+g",0
"632","mobileET_ostension_lillybet_s3_yarbus","Lillybet","signaling",2,8,"face","control",0
"633","mobileET_ostension_lillybet_s3_yarbus","Lillybet","signaling",2,9,"face","gazing",0
"634","mobileET_ostension_lillybet_s3_yarbus","Lillybet","signaling",2,9,"body","gazing",1272
"635","mobileET_ostension_lillybet_s3_yarbus","Lillybet","signaling",2,10,"face","gazing",0
"636","mobileET_ostension_lillybet_s3_yarbus","Lillybet","signaling",2,10,"body","gazing",851
"637","mobileET_ostension_lillybet_s3_yarbus","Lillybet","signaling",2,11,"body","gazing",0
"638","mobileET_ostension_lillybet_s3_yarbus","Lillybet","signaling",2,12,"body","gazing",0
"639","mobileET_ostension_lillybet_s3_yarbus","Lillybet","signaling",2,13,"body","control",0
"640","mobileET_ostension_lillybet_s3_yarbus","Lillybet","signaling",2,14,"face","gazing",0
"641","mobileET_ostension_lillybet_s3_yarbus","Lillybet","signaling",2,14,"body","gazing",2720
"642","mobileET_ostension_lillybet_s3_yarbus","Lillybet","signaling",2,15,"incorrect bowl","gazing",0
"643","mobileET_ostension_mailo_s1_yarbus","Mailo","signaling",1,1,"face","pointing",0
"644","mobileET_ostension_mailo_s1_yarbus","Mailo","signaling",1,2,"face","pointing",0
"645","mobileET_ostension_mailo_s1_yarbus","Mailo","signaling",1,2,"hand","pointing",180
"646","mobileET_ostension_mailo_s1_yarbus","Mailo","signaling",1,2,"correct bowl","pointing",682
"647","mobileET_ostension_mailo_s1_yarbus","Mailo","signaling",1,3,"face","control",0
"648","mobileET_ostension_mailo_s1_yarbus","Mailo","signaling",1,4,"correct bowl","pointing",0
"649","mobileET_ostension_mailo_s1_yarbus","Mailo","signaling",1,5,"face","pointing",0
"650","mobileET_ostension_mailo_s1_yarbus","Mailo","signaling",1,5,"hand","pointing",410
"651","mobileET_ostension_mailo_s1_yarbus","Mailo","signaling",1,6,"face","pointing",0
"652","mobileET_ostension_mailo_s1_yarbus","Mailo","signaling",1,7,"face","pointing",0
"653","mobileET_ostension_mailo_s1_yarbus","Mailo","signaling",1,7,"hand","pointing",592
"654","mobileET_ostension_mailo_s1_yarbus","Mailo","signaling",1,9,"face","gazing",0
"655","mobileET_ostension_mailo_s1_yarbus","Mailo","signaling",1,9,"body","gazing",2080
"656","mobileET_ostension_mailo_s1_yarbus","Mailo","signaling",1,10,"face","gazing",0
"657","mobileET_ostension_mailo_s1_yarbus","Mailo","signaling",1,10,"body","gazing",1090
"658","mobileET_ostension_mailo_s1_yarbus","Mailo","signaling",1,10,"hand","gazing",2924
"659","mobileET_ostension_mailo_s1_yarbus","Mailo","signaling",1,11,"face","gazing",0
"660","mobileET_ostension_mailo_s1_yarbus","Mailo","signaling",1,11,"body","gazing",400
"661","mobileET_ostension_mailo_s1_yarbus","Mailo","signaling",1,12,"face","gazing",0
"662","mobileET_ostension_mailo_s1_yarbus","Mailo","signaling",1,14,"face","gazing",0
"663","mobileET_ostension_mailo_s1_yarbus","Mailo","signaling",1,14,"body","gazing",2894
"664","mobileET_ostension_mailo_s1_yarbus","Mailo","signaling",1,15,"body","gazing",0
"665","mobileET_ostension_mailo_s2_yarbus","Mailo","signaling",2,1,"face","p+g",1878
"666","mobileET_ostension_mailo_s2_yarbus","Mailo","signaling",2,1,"body","p+g",0
"667","mobileET_ostension_mailo_s2_yarbus","Mailo","signaling",2,1,"hand","p+g",143
"668","mobileET_ostension_mailo_s2_yarbus","Mailo","signaling",2,1,"correct bowl","p+g",543
"669","mobileET_ostension_mailo_s2_yarbus","Mailo","signaling",2,1,"incorrect bowl","p+g",1175
"670","mobileET_ostension_mailo_s2_yarbus","Mailo","signaling",2,2,"correct bowl","p+g",0
"671","mobileET_ostension_mailo_s2_yarbus","Mailo","signaling",2,2,"occluder","p+g",802
"672","mobileET_ostension_mailo_s2_yarbus","Mailo","signaling",2,3,"face","control",0
"673","mobileET_ostension_mailo_s2_yarbus","Mailo","signaling",2,4,"face","p+g",0
"674","mobileET_ostension_mailo_s2_yarbus","Mailo","signaling",2,4,"correct bowl","p+g",781
"675","mobileET_ostension_mailo_s2_yarbus","Mailo","signaling",2,5,"face","p+g",1720
"676","mobileET_ostension_mailo_s2_yarbus","Mailo","signaling",2,5,"body","p+g",0
"677","mobileET_ostension_mailo_s2_yarbus","Mailo","signaling",2,5,"correct bowl","p+g",553
"678","mobileET_ostension_mailo_s2_yarbus","Mailo","signaling",2,6,"body","p+g",0
"679","mobileET_ostension_mailo_s2_yarbus","Mailo","signaling",2,7,"face","p+g",0
"680","mobileET_ostension_mailo_s2_yarbus","Mailo","signaling",2,7,"body","p+g",37
"681","mobileET_ostension_mailo_s2_yarbus","Mailo","signaling",2,8,"face","control",0
"682","mobileET_ostension_mailo_s2_yarbus","Mailo","signaling",2,9,"face","throwing",0
"683","mobileET_ostension_mailo_s2_yarbus","Mailo","signaling",2,10,"face","throwing",0
"684","mobileET_ostension_mailo_s2_yarbus","Mailo","signaling",2,11,"face","throwing",0
"685","mobileET_ostension_mailo_s2_yarbus","Mailo","signaling",2,11,"body","throwing",1777
"686","mobileET_ostension_mailo_s2_yarbus","Mailo","signaling",2,12,"face","throwing",0
"687","mobileET_ostension_mailo_s2_yarbus","Mailo","signaling",2,13,"face","control",0
"688","mobileET_ostension_mailo_s2_yarbus","Mailo","signaling",2,14,"face","throwing",0
"689","mobileET_ostension_mailo_s2_yarbus","Mailo","signaling",2,15,"face","throwing",0
"690","mobileET_ostension_mexx_s1_yarbus","Mexx2","signaling",1,1,"face","gazing",0
"691","mobileET_ostension_mexx_s1_yarbus","Mexx2","signaling",1,1,"correct bowl","gazing",1211
"692","mobileET_ostension_mexx_s1_yarbus","Mexx2","signaling",1,2,"body","gazing",835
"693","mobileET_ostension_mexx_s1_yarbus","Mexx2","signaling",1,2,"correct bowl","gazing",0
"694","mobileET_ostension_mexx_s1_yarbus","Mexx2","signaling",1,2,"occluder","gazing",600
"695","mobileET_ostension_mexx_s1_yarbus","Mexx2","signaling",1,3,"face","gazing",0
"696","mobileET_ostension_mexx_s1_yarbus","Mexx2","signaling",1,3,"correct bowl","gazing",1276
"697","mobileET_ostension_mexx_s1_yarbus","Mexx2","signaling",1,4,"face","gazing",0
"698","mobileET_ostension_mexx_s1_yarbus","Mexx2","signaling",1,5,"face","control",0
"699","mobileET_ostension_mexx_s1_yarbus","Mexx2","signaling",1,6,"face","gazing",0
"700","mobileET_ostension_mexx_s1_yarbus","Mexx2","signaling",1,6,"body","gazing",2975
"701","mobileET_ostension_mexx_s1_yarbus","Mexx2","signaling",1,7,"face","gazing",0
"702","mobileET_ostension_mexx_s1_yarbus","Mexx2","signaling",1,7,"body","gazing",481
"703","mobileET_ostension_mexx_s1_yarbus","Mexx2","signaling",1,7,"correct bowl","gazing",748
"704","mobileET_ostension_mexx_s1_yarbus","Mexx2","signaling",1,8,"face","control",0
"705","mobileET_ostension_mexx_s1_yarbus","Mexx2","signaling",1,10,"face","throwing",432
"706","mobileET_ostension_mexx_s1_yarbus","Mexx2","signaling",1,10,"body","throwing",0
"707","mobileET_ostension_mexx_s1_yarbus","Mexx2","signaling",1,11,"face","throwing",1868
"708","mobileET_ostension_mexx_s1_yarbus","Mexx2","signaling",1,11,"body","throwing",0
"709","mobileET_ostension_mexx_s1_yarbus","Mexx2","signaling",1,11,"hand","throwing",1401
"710","mobileET_ostension_mexx_s1_yarbus","Mexx2","signaling",1,12,"face","throwing",1081
"711","mobileET_ostension_mexx_s1_yarbus","Mexx2","signaling",1,12,"body","throwing",2315
"712","mobileET_ostension_mexx_s1_yarbus","Mexx2","signaling",1,12,"hand","throwing",0
"713","mobileET_ostension_mexx_s1_yarbus","Mexx2","signaling",1,13,"face","control",0
"714","mobileET_ostension_mexx_s1_yarbus","Mexx2","signaling",1,14,"face","throwing",369
"715","mobileET_ostension_mexx_s1_yarbus","Mexx2","signaling",1,14,"body","throwing",2072
"716","mobileET_ostension_mexx_s1_yarbus","Mexx2","signaling",1,14,"hand","throwing",0
"717","mobileET_ostension_mexx_s1_yarbus","Mexx2","signaling",1,15,"face","throwing",167
"718","mobileET_ostension_mexx_s1_yarbus","Mexx2","signaling",1,15,"hand","throwing",0
"719","mobileET_ostension_mexx_s3_yarbus","Mexx2","signaling",2,1,"hand","p+g",0
"720","mobileET_ostension_mexx_s3_yarbus","Mexx2","signaling",2,1,"correct bowl","p+g",407
"721","mobileET_ostension_mexx_s3_yarbus","Mexx2","signaling",2,2,"body","p+g",0
"722","mobileET_ostension_mexx_s3_yarbus","Mexx2","signaling",2,3,"body","control",0
"723","mobileET_ostension_mexx_s3_yarbus","Mexx2","signaling",2,3,"hand","control",1389
"724","mobileET_ostension_mexx_s3_yarbus","Mexx2","signaling",2,3,"incorrect bowl","control",554
"725","mobileET_ostension_mexx_s3_yarbus","Mexx2","signaling",2,4,"face","p+g",1802
"726","mobileET_ostension_mexx_s3_yarbus","Mexx2","signaling",2,4,"hand","p+g",0
"727","mobileET_ostension_mexx_s3_yarbus","Mexx2","signaling",2,4,"correct bowl","p+g",267
"728","mobileET_ostension_mexx_s3_yarbus","Mexx2","signaling",2,5,"hand","p+g",0
"729","mobileET_ostension_mexx_s3_yarbus","Mexx2","signaling",2,5,"correct bowl","p+g",372
"730","mobileET_ostension_mexx_s3_yarbus","Mexx2","signaling",2,6,"body","p+g",1400
"731","mobileET_ostension_mexx_s3_yarbus","Mexx2","signaling",2,6,"hand","p+g",0
"732","mobileET_ostension_mexx_s3_yarbus","Mexx2","signaling",2,7,"hand","p+g",1637
"733","mobileET_ostension_mexx_s3_yarbus","Mexx2","signaling",2,7,"correct bowl","p+g",0
"734","mobileET_ostension_mexx_s3_yarbus","Mexx2","signaling",2,8,"body","control",0
"735","mobileET_ostension_mexx_s3_yarbus","Mexx2","signaling",2,9,"hand","pointing",0
"736","mobileET_ostension_mexx_s3_yarbus","Mexx2","signaling",2,9,"correct bowl","pointing",600
"737","mobileET_ostension_mexx_s3_yarbus","Mexx2","signaling",2,10,"body","pointing",467
"738","mobileET_ostension_mexx_s3_yarbus","Mexx2","signaling",2,10,"incorrect bowl","pointing",0
"739","mobileET_ostension_mexx_s3_yarbus","Mexx2","signaling",2,12,"correct bowl","pointing",0
"740","mobileET_ostension_mexx_s3_yarbus","Mexx2","signaling",2,13,"body","control",0
"741","mobileET_ostension_mexx_s3_yarbus","Mexx2","signaling",2,13,"hand","control",368
"742","mobileET_ostension_mexx_s3_yarbus","Mexx2","signaling",2,13,"incorrect bowl","control",1235
"743","mobileET_ostension_mexx_s3_yarbus","Mexx2","signaling",2,14,"correct bowl","pointing",0
"744","mobileET_ostension_mexx_s3_yarbus","Mexx2","signaling",2,15,"face","pointing",0
"745","mobileET_ostension_mia_s1_yarbus","Mia11","signaling",1,1,"face","gazing",1167
"746","mobileET_ostension_mia_s1_yarbus","Mia11","signaling",1,1,"body","gazing",1967
"747","mobileET_ostension_mia_s1_yarbus","Mia11","signaling",1,1,"hand","gazing",0
"748","mobileET_ostension_mia_s1_yarbus","Mia11","signaling",1,1,"correct bowl","gazing",432
"749","mobileET_ostension_mia_s1_yarbus","Mia11","signaling",1,2,"body","gazing",0
"750","mobileET_ostension_mia_s1_yarbus","Mia11","signaling",1,5,"face","gazing",0
"751","mobileET_ostension_mia_s1_yarbus","Mia11","signaling",1,6,"body","gazing",0
"752","mobileET_ostension_mia_s1_yarbus","Mia11","signaling",1,6,"hand","gazing",193
"753","mobileET_ostension_mia_s1_yarbus","Mia11","signaling",1,6,"correct bowl","gazing",861
"754","mobileET_ostension_mia_s1_yarbus","Mia11","signaling",1,7,"hand","gazing",0
"755","mobileET_ostension_mia_s1_yarbus","Mia11","signaling",1,8,"hand","control",0
"756","mobileET_ostension_mia_s1_yarbus","Mia11","signaling",1,9,"body","p+g",215
"757","mobileET_ostension_mia_s1_yarbus","Mia11","signaling",1,9,"hand","p+g",0
"758","mobileET_ostension_mia_s1_yarbus","Mia11","signaling",1,9,"correct bowl","p+g",715
"759","mobileET_ostension_mia_s1_yarbus","Mia11","signaling",1,10,"body","p+g",0
"760","mobileET_ostension_mia_s1_yarbus","Mia11","signaling",1,10,"hand","p+g",155
"761","mobileET_ostension_mia_s1_yarbus","Mia11","signaling",1,10,"correct bowl","p+g",888
"762","mobileET_ostension_mia_s1_yarbus","Mia11","signaling",1,11,"face","p+g",0
"763","mobileET_ostension_mia_s1_yarbus","Mia11","signaling",1,11,"body","p+g",94
"764","mobileET_ostension_mia_s1_yarbus","Mia11","signaling",1,11,"hand","p+g",396
"765","mobileET_ostension_mia_s1_yarbus","Mia11","signaling",1,11,"correct bowl","p+g",594
"766","mobileET_ostension_mia_s1_yarbus","Mia11","signaling",1,12,"face","p+g",0
"767","mobileET_ostension_mia_s1_yarbus","Mia11","signaling",1,12,"body","p+g",103
"768","mobileET_ostension_mia_s1_yarbus","Mia11","signaling",1,12,"hand","p+g",401
"769","mobileET_ostension_mia_s1_yarbus","Mia11","signaling",1,13,"body","control",0
"770","mobileET_ostension_mia_s1_yarbus","Mia11","signaling",1,14,"body","p+g",0
"771","mobileET_ostension_mia_s1_yarbus","Mia11","signaling",1,14,"hand","p+g",51
"772","mobileET_ostension_mia_s1_yarbus","Mia11","signaling",1,14,"correct bowl / hand","p+g",1088
"773","mobileET_ostension_mia_s1_yarbus","Mia11","signaling",1,14,"correct bowl","p+g",320
"774","mobileET_ostension_mia_s1_yarbus","Mia11","signaling",1,15,"body","p+g",126
"775","mobileET_ostension_mia_s1_yarbus","Mia11","signaling",1,15,"hand","p+g",0
"776","mobileET_ostension_mia_s1_yarbus","Mia11","signaling",1,15,"correct bowl","p+g",428
"777","mobileET_ostension_mitos_s1_yarbus","Mitos","signaling",1,1,"face","pointing",0
"778","mobileET_ostension_mitos_s1_yarbus","Mitos","signaling",1,1,"hand","pointing",392
"779","mobileET_ostension_mitos_s1_yarbus","Mitos","signaling",1,2,"face","pointing",1002
"780","mobileET_ostension_mitos_s1_yarbus","Mitos","signaling",1,2,"body","pointing",132
"781","mobileET_ostension_mitos_s1_yarbus","Mitos","signaling",1,2,"hand","pointing",0
"782","mobileET_ostension_mitos_s1_yarbus","Mitos","signaling",1,3,"face","control",0
"783","mobileET_ostension_mitos_s1_yarbus","Mitos","signaling",1,4,"face","pointing",0
"784","mobileET_ostension_mitos_s1_yarbus","Mitos","signaling",1,5,"face","pointing",365
"785","mobileET_ostension_mitos_s1_yarbus","Mitos","signaling",1,5,"body","pointing",465
"786","mobileET_ostension_mitos_s1_yarbus","Mitos","signaling",1,5,"hand","pointing",0
"787","mobileET_ostension_mitos_s1_yarbus","Mitos","signaling",1,6,"face","pointing",1033
"788","mobileET_ostension_mitos_s1_yarbus","Mitos","signaling",1,6,"hand","pointing",0
"789","mobileET_ostension_mitos_s1_yarbus","Mitos","signaling",1,7,"body","pointing",0
"790","mobileET_ostension_mitos_s1_yarbus","Mitos","signaling",1,7,"hand","pointing",336
"791","mobileET_ostension_mitos_s1_yarbus","Mitos","signaling",1,8,"face","control",0
"792","mobileET_ostension_mitos_s1_yarbus","Mitos","signaling",1,9,"face","gazing",0
"793","mobileET_ostension_mitos_s1_yarbus","Mitos","signaling",1,10,"body","gazing",0
"794","mobileET_ostension_mitos_s1_yarbus","Mitos","signaling",1,11,"face","gazing",0
"795","mobileET_ostension_mitos_s1_yarbus","Mitos","signaling",1,11,"body","gazing",2898
"796","mobileET_ostension_mitos_s1_yarbus","Mitos","signaling",1,12,"face","gazing",0
"797","mobileET_ostension_mitos_s1_yarbus","Mitos","signaling",1,13,"face","control",0
"798","mobileET_ostension_mitos_s1_yarbus","Mitos","signaling",1,14,"face","gazing",0
"799","mobileET_ostension_mitos_s1_yarbus","Mitos","signaling",1,15,"face","gazing",0
"800","mobileET_ostension_mitos_s2_yarbus","Mitos","signaling",2,1,"face","throwing",0
"801","mobileET_ostension_mitos_s2_yarbus","Mitos","signaling",2,2,"face","throwing",0
"802","mobileET_ostension_mitos_s2_yarbus","Mitos","signaling",2,2,"hand","throwing",324
"803","mobileET_ostension_mitos_s2_yarbus","Mitos","signaling",2,3,"face","control",0
"804","mobileET_ostension_mitos_s2_yarbus","Mitos","signaling",2,4,"hand","throwing",0
"805","mobileET_ostension_mitos_s2_yarbus","Mitos","signaling",2,5,"face","throwing",242
"806","mobileET_ostension_mitos_s2_yarbus","Mitos","signaling",2,5,"body","throwing",74
"807","mobileET_ostension_mitos_s2_yarbus","Mitos","signaling",2,5,"hand","throwing",0
"808","mobileET_ostension_mitos_s2_yarbus","Mitos","signaling",2,6,"hand","throwing",0
"809","mobileET_ostension_mitos_s2_yarbus","Mitos","signaling",2,7,"face","throwing",0
"810","mobileET_ostension_mitos_s2_yarbus","Mitos","signaling",2,7,"body","throwing",540
"811","mobileET_ostension_mitos_s2_yarbus","Mitos","signaling",2,8,"face","control",0
"812","mobileET_ostension_mitos_s2_yarbus","Mitos","signaling",2,9,"face","p+g",0
"813","mobileET_ostension_mitos_s2_yarbus","Mitos","signaling",2,9,"hand","p+g",735
"814","mobileET_ostension_mitos_s2_yarbus","Mitos","signaling",2,10,"face","p+g",0
"815","mobileET_ostension_mitos_s2_yarbus","Mitos","signaling",2,10,"hand","p+g",533
"816","mobileET_ostension_mitos_s2_yarbus","Mitos","signaling",2,10,"correct bowl","p+g",900
"817","mobileET_ostension_mitos_s2_yarbus","Mitos","signaling",2,11,"face","p+g",0
"818","mobileET_ostension_mitos_s2_yarbus","Mitos","signaling",2,12,"face","p+g",0
"819","mobileET_ostension_mitos_s2_yarbus","Mitos","signaling",2,15,"face","p+g",0
"820","mobileET_ostension_mitos_s2_yarbus","Mitos","signaling",2,15,"hand","p+g",302
"821","mobileET_ostension_mitos_s2_yarbus","Mitos","signaling",2,15,"correct bowl","p+g",834
"822","mobileET_ostension_panda_s4_yarbus","Panda","signaling",2,1,"body","p+g",803
"823","mobileET_ostension_panda_s4_yarbus","Panda","signaling",2,1,"hand","p+g",435
"824","mobileET_ostension_panda_s4_yarbus","Panda","signaling",2,1,"correct bowl","p+g",0
"825","mobileET_ostension_panda_s4_yarbus","Panda","signaling",2,2,"body","p+g",0
"826","mobileET_ostension_panda_s4_yarbus","Panda","signaling",2,2,"correct bowl","p+g",220
"827","mobileET_ostension_panda_s4_yarbus","Panda","signaling",2,2,"incorrect bowl / hand","p+g",420
"828","mobileET_ostension_panda_s4_yarbus","Panda","signaling",2,3,"face","control",0
"829","mobileET_ostension_panda_s4_yarbus","Panda","signaling",2,3,"hand","control",571
"830","mobileET_ostension_panda_s4_yarbus","Panda","signaling",2,4,"body","p+g",0
"831","mobileET_ostension_panda_s4_yarbus","Panda","signaling",2,5,"body","p+g",0
"832","mobileET_ostension_panda_s4_yarbus","Panda","signaling",2,5,"hand","p+g",319
"833","mobileET_ostension_panda_s4_yarbus","Panda","signaling",2,5,"incorrect bowl","p+g",1186
"834","mobileET_ostension_panda_s4_yarbus","Panda","signaling",2,6,"body","p+g",0
"835","mobileET_ostension_panda_s4_yarbus","Panda","signaling",2,8,"face","control",0
"836","mobileET_ostension_panda_s4_yarbus","Panda","signaling",2,9,"occluder","throwing",0
"837","mobileET_ostension_panda_s4_yarbus","Panda","signaling",2,10,"body","throwing",0
"838","mobileET_ostension_panda_s4_yarbus","Panda","signaling",2,10,"hand","throwing",1066
"839","mobileET_ostension_panda_s4_yarbus","Panda","signaling",2,10,"correct bowl","throwing",1933
"840","mobileET_ostension_panda_s4_yarbus","Panda","signaling",2,11,"incorrect bowl","throwing",0
"841","mobileET_ostension_panda_s4_yarbus","Panda","signaling",2,11,"occluder","throwing",200
"842","mobileET_ostension_panda_s4_yarbus","Panda","signaling",2,12,"hand","throwing",0
"843","mobileET_ostension_panda_s4_yarbus","Panda","signaling",2,14,"body","throwing",0
"844","mobileET_ostension_panda_s4_yarbus","Panda","signaling",2,14,"hand","throwing",732
"845","mobileET_ostension_panda_s4_yarbus","Panda","signaling",2,14,"correct bowl","throwing",1168
"846","mobileET_ostension_panda_s4_yarbus","Panda","signaling",2,15,"hand","throwing",0
"847","mobileET_ostension_panda_s4_yarbus","Panda","signaling",2,15,"incorrect bowl","throwing",2242
"848","mobileET_ostension_pisco_s1_yarbus","Pisco","signaling",1,1,"face","throwing",0
"849","mobileET_ostension_pisco_s1_yarbus","Pisco","signaling",1,1,"body","throwing",1539
"850","mobileET_ostension_pisco_s1_yarbus","Pisco","signaling",1,1,"correct bowl","throwing",272
"851","mobileET_ostension_pisco_s1_yarbus","Pisco","signaling",1,2,"body","throwing",0
"852","mobileET_ostension_pisco_s1_yarbus","Pisco","signaling",1,3,"body","control",0
"853","mobileET_ostension_pisco_s1_yarbus","Pisco","signaling",1,4,"face","throwing",235
"854","mobileET_ostension_pisco_s1_yarbus","Pisco","signaling",1,4,"body","throwing",0
"855","mobileET_ostension_pisco_s1_yarbus","Pisco","signaling",1,4,"hand","throwing",1270
"856","mobileET_ostension_pisco_s1_yarbus","Pisco","signaling",1,5,"face","throwing",703
"857","mobileET_ostension_pisco_s1_yarbus","Pisco","signaling",1,5,"body","throwing",435
"858","mobileET_ostension_pisco_s1_yarbus","Pisco","signaling",1,5,"hand","throwing",0
"859","mobileET_ostension_pisco_s1_yarbus","Pisco","signaling",1,6,"face","throwing",0
"860","mobileET_ostension_pisco_s1_yarbus","Pisco","signaling",1,6,"body","throwing",476
"861","mobileET_ostension_pisco_s1_yarbus","Pisco","signaling",1,7,"face","throwing",433
"862","mobileET_ostension_pisco_s1_yarbus","Pisco","signaling",1,7,"body","throwing",0
"863","mobileET_ostension_pisco_s1_yarbus","Pisco","signaling",1,8,"face","control",0
"864","mobileET_ostension_pisco_s1_yarbus","Pisco","signaling",1,9,"correct bowl","pointing",0
"865","mobileET_ostension_pisco_s1_yarbus","Pisco","signaling",1,10,"face","pointing",0
"866","mobileET_ostension_pisco_s1_yarbus","Pisco","signaling",1,10,"body","pointing",248
"867","mobileET_ostension_pisco_s1_yarbus","Pisco","signaling",1,10,"hand","pointing",583
"868","mobileET_ostension_pisco_s1_yarbus","Pisco","signaling",1,10,"correct bowl","pointing",1015
"869","mobileET_ostension_pisco_s1_yarbus","Pisco","signaling",1,11,"face","pointing",1600
"870","mobileET_ostension_pisco_s1_yarbus","Pisco","signaling",1,11,"body","pointing",0
"871","mobileET_ostension_pisco_s1_yarbus","Pisco","signaling",1,11,"correct bowl","pointing",300
"872","mobileET_ostension_pisco_s1_yarbus","Pisco","signaling",1,12,"face","pointing",435
"873","mobileET_ostension_pisco_s1_yarbus","Pisco","signaling",1,12,"body","pointing",0
"874","mobileET_ostension_pisco_s1_yarbus","Pisco","signaling",1,13,"face","control",0
"875","mobileET_ostension_pisco_s1_yarbus","Pisco","signaling",1,14,"body","pointing",0
"876","mobileET_ostension_pisco_s1_yarbus","Pisco","signaling",1,14,"correct bowl","pointing",452
"877","mobileET_ostension_pisco_s1_yarbus","Pisco","signaling",1,15,"face","pointing",1000
"878","mobileET_ostension_pisco_s1_yarbus","Pisco","signaling",1,15,"body","pointing",0
"879","mobileET_ostension_pisco_s1_yarbus","Pisco","signaling",1,15,"hand","pointing",335
"880","mobileET_ostension_pisco_s1_yarbus","Pisco","signaling",1,15,"correct bowl","pointing",633
"881","mobileET_ostension_pisco_s2_yarbus","Pisco","signaling",2,1,"body","gazing",0
"882","mobileET_ostension_pisco_s2_yarbus","Pisco","signaling",2,1,"correct bowl","gazing",1102
"883","mobileET_ostension_pisco_s2_yarbus","Pisco","signaling",2,2,"face","gazing",0
"884","mobileET_ostension_pisco_s2_yarbus","Pisco","signaling",2,3,"face","gazing",0
"885","mobileET_ostension_pisco_s2_yarbus","Pisco","signaling",2,4,"face","gazing",0
"886","mobileET_ostension_pisco_s2_yarbus","Pisco","signaling",2,5,"face","control",0
"887","mobileET_ostension_pisco_s2_yarbus","Pisco","signaling",2,6,"face","gazing",0
"888","mobileET_ostension_pisco_s2_yarbus","Pisco","signaling",2,6,"incorrect bowl","gazing",3294
"889","mobileET_ostension_pisco_s2_yarbus","Pisco","signaling",2,7,"face","gazing",0
"890","mobileET_ostension_pisco_s2_yarbus","Pisco","signaling",2,7,"correct bowl","gazing",3503
"891","mobileET_ostension_pisco_s2_yarbus","Pisco","signaling",2,8,"face","control",0
"892","mobileET_ostension_pisco_s2_yarbus","Pisco","signaling",2,9,"face","p+g",1369
"893","mobileET_ostension_pisco_s2_yarbus","Pisco","signaling",2,9,"body","p+g",937
"894","mobileET_ostension_pisco_s2_yarbus","Pisco","signaling",2,9,"hand","p+g",0
"895","mobileET_ostension_pisco_s2_yarbus","Pisco","signaling",2,9,"correct bowl","p+g",269
"896","mobileET_ostension_pisco_s2_yarbus","Pisco","signaling",2,10,"face","p+g",2037
"897","mobileET_ostension_pisco_s2_yarbus","Pisco","signaling",2,10,"hand","p+g",0
"898","mobileET_ostension_pisco_s2_yarbus","Pisco","signaling",2,10,"correct bowl","p+g",337
"899","mobileET_ostension_pisco_s2_yarbus","Pisco","signaling",2,11,"face","p+g",0
"900","mobileET_ostension_pisco_s2_yarbus","Pisco","signaling",2,11,"body","p+g",182
"901","mobileET_ostension_pisco_s2_yarbus","Pisco","signaling",2,11,"hand","p+g",584
"902","mobileET_ostension_pisco_s2_yarbus","Pisco","signaling",2,12,"face","p+g",0
"903","mobileET_ostension_pisco_s2_yarbus","Pisco","signaling",2,12,"body","p+g",192
"904","mobileET_ostension_pisco_s2_yarbus","Pisco","signaling",2,12,"correct bowl","p+g",592
"905","mobileET_ostension_pisco_s2_yarbus","Pisco","signaling",2,13,"face","control",0
"906","mobileET_ostension_pisco_s2_yarbus","Pisco","signaling",2,14,"face","p+g",1937
"907","mobileET_ostension_pisco_s2_yarbus","Pisco","signaling",2,14,"hand","p+g",0
"908","mobileET_ostension_pisco_s2_yarbus","Pisco","signaling",2,14,"correct bowl","p+g",367
"909","mobileET_ostension_pisco_s2_yarbus","Pisco","signaling",2,15,"face","p+g",0
"910","mobileET_ostension_pisco_s2_yarbus","Pisco","signaling",2,15,"body","p+g",197
"911","mobileET_ostension_pisco_s2_yarbus","Pisco","signaling",2,15,"hand","p+g",432
"912","mobileET_ostension_pisco_s2_yarbus","Pisco","signaling",2,15,"correct bowl","p+g",565
"913","mobileET_ostension_ravenna_s1_yarbus","Ravenna","signaling",1,1,"body","pointing",1535
"914","mobileET_ostension_ravenna_s1_yarbus","Ravenna","signaling",1,1,"correct bowl","pointing",0
"915","mobileET_ostension_ravenna_s1_yarbus","Ravenna","signaling",1,1,"incorrect bowl","pointing",435
"916","mobileET_ostension_ravenna_s1_yarbus","Ravenna","signaling",1,2,"face","pointing",735
"917","mobileET_ostension_ravenna_s1_yarbus","Ravenna","signaling",1,2,"hand","pointing",0
"918","mobileET_ostension_ravenna_s1_yarbus","Ravenna","signaling",1,3,"face","control",694
"919","mobileET_ostension_ravenna_s1_yarbus","Ravenna","signaling",1,3,"body","control",0
"920","mobileET_ostension_ravenna_s1_yarbus","Ravenna","signaling",1,4,"body","pointing",0
"921","mobileET_ostension_ravenna_s1_yarbus","Ravenna","signaling",1,5,"body","pointing",0
"922","mobileET_ostension_ravenna_s1_yarbus","Ravenna","signaling",1,6,"face","pointing",1154
"923","mobileET_ostension_ravenna_s1_yarbus","Ravenna","signaling",1,6,"body","pointing",0
"924","mobileET_ostension_ravenna_s1_yarbus","Ravenna","signaling",1,7,"face","pointing",0
"925","mobileET_ostension_ravenna_s1_yarbus","Ravenna","signaling",1,7,"body","pointing",1597
"926","mobileET_ostension_ravenna_s1_yarbus","Ravenna","signaling",1,8,"face","control",0
"927","mobileET_ostension_ravenna_s1_yarbus","Ravenna","signaling",1,8,"body","control",1075
"928","mobileET_ostension_ravenna_s1_yarbus","Ravenna","signaling",1,9,"face","gazing",0
"929","mobileET_ostension_ravenna_s1_yarbus","Ravenna","signaling",1,10,"face","gazing",0
"930","mobileET_ostension_ravenna_s1_yarbus","Ravenna","signaling",1,11,"face","gazing",0
"931","mobileET_ostension_ravenna_s1_yarbus","Ravenna","signaling",1,12,"face","gazing",0
"932","mobileET_ostension_ravenna_s1_yarbus","Ravenna","signaling",1,13,"face","control",0
"933","mobileET_ostension_ravenna_s1_yarbus","Ravenna","signaling",1,14,"face","gazing",0
"934","mobileET_ostension_ravenna_s1_yarbus","Ravenna","signaling",1,15,"face","gazing",0
"935","mobileET_ostension_ravenna_s2_yarbus","Ravenna","signaling",2,1,"body","p+g",967
"936","mobileET_ostension_ravenna_s2_yarbus","Ravenna","signaling",2,1,"hand","p+g",0
"937","mobileET_ostension_ravenna_s2_yarbus","Ravenna","signaling",2,1,"correct bowl","p+g",200
"938","mobileET_ostension_ravenna_s2_yarbus","Ravenna","signaling",2,2,"body","p+g",0
"939","mobileET_ostension_ravenna_s2_yarbus","Ravenna","signaling",2,2,"hand","p+g",247
"940","mobileET_ostension_ravenna_s2_yarbus","Ravenna","signaling",2,2,"correct bowl","p+g",513
"941","mobileET_ostension_ravenna_s2_yarbus","Ravenna","signaling",2,3,"body","control",0
"942","mobileET_ostension_ravenna_s2_yarbus","Ravenna","signaling",2,4,"body","p+g",0
"943","mobileET_ostension_ravenna_s2_yarbus","Ravenna","signaling",2,4,"hand","p+g",872
"944","mobileET_ostension_ravenna_s2_yarbus","Ravenna","signaling",2,4,"correct bowl","p+g",772
"945","mobileET_ostension_ravenna_s2_yarbus","Ravenna","signaling",2,5,"body","p+g",0
"946","mobileET_ostension_ravenna_s2_yarbus","Ravenna","signaling",2,5,"hand","p+g",178
"947","mobileET_ostension_ravenna_s2_yarbus","Ravenna","signaling",2,5,"occluder","p+g",344
"948","mobileET_ostension_ravenna_s2_yarbus","Ravenna","signaling",2,6,"body","p+g",0
"949","mobileET_ostension_ravenna_s2_yarbus","Ravenna","signaling",2,6,"hand","p+g",289
"950","mobileET_ostension_ravenna_s2_yarbus","Ravenna","signaling",2,7,"body","p+g",0
"951","mobileET_ostension_ravenna_s2_yarbus","Ravenna","signaling",2,8,"face","control",0
"952","mobileET_ostension_ravenna_s2_yarbus","Ravenna","signaling",2,9,"face","throwing",0
"953","mobileET_ostension_ravenna_s2_yarbus","Ravenna","signaling",2,10,"body","throwing",0
"954","mobileET_ostension_ravenna_s2_yarbus","Ravenna","signaling",2,11,"body","throwing",0
"955","mobileET_ostension_ravenna_s2_yarbus","Ravenna","signaling",2,12,"hand","throwing",0
"956","mobileET_ostension_ravenna_s2_yarbus","Ravenna","signaling",2,13,"body","control",0
"957","mobileET_ostension_ravenna_s2_yarbus","Ravenna","signaling",2,14,"body","throwing",0
"958","mobileET_ostension_ravenna_s2_yarbus","Ravenna","signaling",2,15,"face","throwing",516
"959","mobileET_ostension_ravenna_s2_yarbus","Ravenna","signaling",2,15,"body","throwing",0
"960","mobileET_ostension_riu_s2_varbus","Riu","signaling",2,1,"hand","p+g",0
"961","mobileET_ostension_riu_s2_varbus","Riu","signaling",2,1,"correct bowl / hand","p+g",735
"962","mobileET_ostension_riu_s2_varbus","Riu","signaling",2,1,"correct bowl","p+g",1435
"963","mobileET_ostension_riu_s2_varbus","Riu","signaling",2,2,"correct bowl","p+g",0
"964","mobileET_ostension_riu_s2_varbus","Riu","signaling",2,3,"face","control",0
"965","mobileET_ostension_riu_s2_varbus","Riu","signaling",2,4,"face","p+g",2553
"966","mobileET_ostension_riu_s2_varbus","Riu","signaling",2,4,"hand","p+g",0
"967","mobileET_ostension_riu_s2_varbus","Riu","signaling",2,4,"correct bowl","p+g",1118
"968","mobileET_ostension_riu_s2_varbus","Riu","signaling",2,5,"face","p+g",0
"969","mobileET_ostension_riu_s2_varbus","Riu","signaling",2,6,"face","p+g",0
"970","mobileET_ostension_riu_s2_varbus","Riu","signaling",2,6,"hand","p+g",206
"971","mobileET_ostension_riu_s2_varbus","Riu","signaling",2,7,"face","p+g",0
"972","mobileET_ostension_riu_s2_varbus","Riu","signaling",2,7,"hand","p+g",1051
"973","mobileET_ostension_riu_s2_varbus","Riu","signaling",2,7,"correct bowl","p+g",283
"974","mobileET_ostension_riu_s2_varbus","Riu","signaling",2,8,"face","control",0
"975","mobileET_ostension_riu_s2_varbus","Riu","signaling",2,9,"face","pointing",0
"976","mobileET_ostension_riu_s2_varbus","Riu","signaling",2,9,"body","pointing",712
"977","mobileET_ostension_riu_s2_varbus","Riu","signaling",2,9,"hand","pointing",979
"978","mobileET_ostension_riu_s2_varbus","Riu","signaling",2,10,"body","pointing",0
"979","mobileET_ostension_riu_s2_varbus","Riu","signaling",2,11,"body","pointing",0
"980","mobileET_ostension_riu_s2_varbus","Riu","signaling",2,11,"hand","pointing",139
"981","mobileET_ostension_riu_s2_varbus","Riu","signaling",2,12,"body","pointing",0
"982","mobileET_ostension_riu_s2_varbus","Riu","signaling",2,13,"body","control",0
"983","mobileET_ostension_riu_s2_varbus","Riu","signaling",2,14,"face","pointing",0
"984","mobileET_ostension_riu_s2_varbus","Riu","signaling",2,14,"body","pointing",2437
"985","mobileET_ostension_timo_s1_yarbus","Timo2","signaling",1,1,"face","pointing",0
"986","mobileET_ostension_timo_s1_yarbus","Timo2","signaling",1,1,"correct bowl","pointing",691
"987","mobileET_ostension_timo_s1_yarbus","Timo2","signaling",1,3,"face","control",0
"988","mobileET_ostension_timo_s1_yarbus","Timo2","signaling",1,4,"face","pointing",1670
"989","mobileET_ostension_timo_s1_yarbus","Timo2","signaling",1,4,"body","pointing",901
"990","mobileET_ostension_timo_s1_yarbus","Timo2","signaling",1,4,"correct bowl","pointing",0
"991","mobileET_ostension_timo_s1_yarbus","Timo2","signaling",1,5,"face","pointing",0
"992","mobileET_ostension_timo_s1_yarbus","Timo2","signaling",1,6,"face","pointing",0
"993","mobileET_ostension_timo_s1_yarbus","Timo2","signaling",1,6,"body","pointing",1746
"994","mobileET_ostension_timo_s1_yarbus","Timo2","signaling",1,6,"hand","pointing",477
"995","mobileET_ostension_timo_s1_yarbus","Timo2","signaling",1,7,"face","pointing",1503
"996","mobileET_ostension_timo_s1_yarbus","Timo2","signaling",1,7,"hand","pointing",0
"997","mobileET_ostension_timo_s1_yarbus","Timo2","signaling",1,7,"correct bowl","pointing",368
"998","mobileET_ostension_timo_s1_yarbus","Timo2","signaling",1,8,"face","control",0
"999","mobileET_ostension_timo_s1_yarbus","Timo2","signaling",1,9,"body","gazing",0
"1000","mobileET_ostension_timo_s1_yarbus","Timo2","signaling",1,9,"correct bowl","gazing",273
"1001","mobileET_ostension_timo_s1_yarbus","Timo2","signaling",1,10,"body","gazing",0
"1002","mobileET_ostension_timo_s1_yarbus","Timo2","signaling",1,11,"body","gazing",827
"1003","mobileET_ostension_timo_s1_yarbus","Timo2","signaling",1,11,"correct bowl","gazing",0
"1004","mobileET_ostension_timo_s1_yarbus","Timo2","signaling",1,12,"hand","gazing",0
"1005","mobileET_ostension_timo_s1_yarbus","Timo2","signaling",1,13,"body","control",0
"1006","mobileET_ostension_timo_s1_yarbus","Timo2","signaling",1,14,"body","gazing",0
"1007","mobileET_ostension_timo_s1_yarbus","Timo2","signaling",1,15,"body","gazing",0
"1008","mobileET_ostension_timo_s2_yarbus","Timo2","signaling",2,1,"face","p+g",0
"1009","mobileET_ostension_timo_s2_yarbus","Timo2","signaling",2,1,"hand","p+g",602
"1010","mobileET_ostension_timo_s2_yarbus","Timo2","signaling",2,2,"body","p+g",0
"1011","mobileET_ostension_timo_s2_yarbus","Timo2","signaling",2,2,"hand","p+g",133
"1012","mobileET_ostension_timo_s2_yarbus","Timo2","signaling",2,3,"face","control",0
"1013","mobileET_ostension_timo_s2_yarbus","Timo2","signaling",2,3,"correct bowl","control",543
"1014","mobileET_ostension_timo_s2_yarbus","Timo2","signaling",2,4,"face","p+g",400
"1015","mobileET_ostension_timo_s2_yarbus","Timo2","signaling",2,4,"correct bowl / hand","p+g",800
"1016","mobileET_ostension_timo_s2_yarbus","Timo2","signaling",2,4,"correct bowl","p+g",0
"1017","mobileET_ostension_timo_s2_yarbus","Timo2","signaling",2,5,"face","p+g",0
"1018","mobileET_ostension_timo_s2_yarbus","Timo2","signaling",2,6,"hand","p+g",0
"1019","mobileET_ostension_timo_s2_yarbus","Timo2","signaling",2,7,"face","p+g",0
"1020","mobileET_ostension_timo_s2_yarbus","Timo2","signaling",2,7,"hand","p+g",336
"1021","mobileET_ostension_timo_s2_yarbus","Timo2","signaling",2,8,"face","control",0
"1022","mobileET_ostension_timo_s2_yarbus","Timo2","signaling",2,9,"face","throwing",0
"1023","mobileET_ostension_timo_s2_yarbus","Timo2","signaling",2,9,"body","throwing",528
"1024","mobileET_ostension_timo_s2_yarbus","Timo2","signaling",2,10,"body","throwing",300
"1025","mobileET_ostension_timo_s2_yarbus","Timo2","signaling",2,10,"hand","throwing",0
"1026","mobileET_ostension_timo_s2_yarbus","Timo2","signaling",2,11,"face","throwing",623
"1027","mobileET_ostension_timo_s2_yarbus","Timo2","signaling",2,11,"body","throwing",0
"1028","mobileET_ostension_timo_s2_yarbus","Timo2","signaling",2,12,"face","throwing",0
"1029","mobileET_ostension_timo_s2_yarbus","Timo2","signaling",2,12,"body","throwing",347
"1030","mobileET_ostension_timo_s2_yarbus","Timo2","signaling",2,12,"hand","throwing",247
"1031","mobileET_ostension_timo_s2_yarbus","Timo2","signaling",2,12,"correct bowl","throwing",1049
"1032","mobileET_ostension_timo_s2_yarbus","Timo2","signaling",2,13,"body","control",0
"1033","mobileET_ostension_timo_s2_yarbus","Timo2","signaling",2,13,"incorrect bowl","control",1025
"1034","mobileET_ostension_timo_s2_yarbus","Timo2","signaling",2,14,"body","throwing",0
"1035","mobileET_ostension_timo_s2_yarbus","Timo2","signaling",2,15,"body","throwing",0
"1036","mobileET_ostension_timo_s2_yarbus","Timo2","signaling",2,15,"correct bowl","throwing",1378
"1037","mobileET_ostention_diara_s2_yarbus_new","Diara","signaling",1,1,"face","throwing",1936
"1038","mobileET_ostention_diara_s2_yarbus_new","Diara","signaling",1,1,"body","throwing",201
"1039","mobileET_ostention_diara_s2_yarbus_new","Diara","signaling",1,1,"hand","throwing",0
"1040","mobileET_ostention_diara_s2_yarbus_new","Diara","signaling",1,2,"face","throwing",0
"1041","mobileET_ostention_diara_s2_yarbus_new","Diara","signaling",1,2,"body","throwing",2850
"1042","mobileET_ostention_diara_s2_yarbus_new","Diara","signaling",1,2,"correct bowl","throwing",2183
"1043","mobileET_ostention_diara_s2_yarbus_new","Diara","signaling",1,2,"incorrect bowl","throwing",548
"1044","mobileET_ostention_diara_s2_yarbus_new","Diara","signaling",1,3,"face","control",0
"1045","mobileET_ostention_diara_s2_yarbus_new","Diara","signaling",1,4,"face","throwing",0
"1046","mobileET_ostention_diara_s2_yarbus_new","Diara","signaling",1,4,"body","throwing",2071
"1047","mobileET_ostention_diara_s2_yarbus_new","Diara","signaling",1,4,"hand","throwing",236
"1048","mobileET_ostention_diara_s2_yarbus_new","Diara","signaling",1,4,"correct bowl","throwing",402
"1049","mobileET_ostention_diara_s2_yarbus_new","Diara","signaling",1,5,"face","throwing",2012
"1050","mobileET_ostention_diara_s2_yarbus_new","Diara","signaling",1,5,"hand","throwing",0
"1051","mobileET_ostention_diara_s2_yarbus_new","Diara","signaling",1,5,"correct bowl","throwing",444
"1052","mobileET_ostention_diara_s2_yarbus_new","Diara","signaling",1,6,"face","throwing",969
"1053","mobileET_ostention_diara_s2_yarbus_new","Diara","signaling",1,6,"body","throwing",635
"1054","mobileET_ostention_diara_s2_yarbus_new","Diara","signaling",1,6,"hand","throwing",0
"1055","mobileET_ostention_diara_s2_yarbus_new","Diara","signaling",1,6,"correct bowl","throwing",434
"1056","mobileET_ostention_diara_s2_yarbus_new","Diara","signaling",1,7,"face","throwing",0
"1057","mobileET_ostention_diara_s2_yarbus_new","Diara","signaling",1,7,"body","throwing",936
"1058","mobileET_ostention_diara_s2_yarbus_new","Diara","signaling",1,7,"hand","throwing",67
"1059","mobileET_ostention_diara_s2_yarbus_new","Diara","signaling",1,7,"correct bowl","throwing",567
"1060","mobileET_ostention_diara_s2_yarbus_new","Diara","signaling",1,8,"face","control",0
"1061","mobileET_ostention_diara_s2_yarbus_new","Diara","signaling",1,9,"face","p+g",2227
"1062","mobileET_ostention_diara_s2_yarbus_new","Diara","signaling",1,9,"hand","p+g",526
"1063","mobileET_ostention_diara_s2_yarbus_new","Diara","signaling",1,9,"correct bowl","p+g",0
"1064","mobileET_ostention_diara_s2_yarbus_new","Diara","signaling",1,9,"occluder","p+g",1359
"1065","mobileET_ostention_diara_s2_yarbus_new","Diara","signaling",1,10,"hand","p+g",0
"1066","mobileET_ostention_diara_s2_yarbus_new","Diara","signaling",1,11,"face","p+g",1582
"1067","mobileET_ostention_diara_s2_yarbus_new","Diara","signaling",1,11,"body","p+g",581
"1068","mobileET_ostention_diara_s2_yarbus_new","Diara","signaling",1,11,"correct bowl","p+g",0
"1069","mobileET_ostention_diara_s2_yarbus_new","Diara","signaling",1,12,"face","p+g",1791
"1070","mobileET_ostention_diara_s2_yarbus_new","Diara","signaling",1,12,"hand","p+g",0
"1071","mobileET_ostention_diara_s2_yarbus_new","Diara","signaling",1,13,"face","control",0
"1072","mobileET_ostention_diara_s2_yarbus_new","Diara","signaling",1,14,"face","p+g",2002
"1073","mobileET_ostention_diara_s2_yarbus_new","Diara","signaling",1,14,"body","p+g",1769
"1074","mobileET_ostention_diara_s2_yarbus_new","Diara","signaling",1,14,"hand","p+g",0
"1075","mobileET_ostention_diara_s2_yarbus_new","Diara","signaling",1,15,"body","p+g",1328
"1076","mobileET_ostention_diara_s2_yarbus_new","Diara","signaling",1,15,"hand","p+g",0
"1077","mobileET_ostention_diara_s2_yarbus_new","Diara","signaling",1,15,"correct bowl","p+g",59
"1078","mobileET_ostention_diara_s2_yarbus_new","Diara","signaling",1,15,"incorrect bowl","p+g",959
