subject,breed,age,sex,neutering_status,birth_date,test_date,trial_number,session,condition,baited_side,correct,chosen_side,dark_green_bowl_side,ET_data,session_new,yarbus_file
Arko3,collie,15,m,unneutered,22/03/2021,14/07/2022,1,1,gazing,l,0,r,r,1,1,mobileET_ostension_arco_s1_yarbus_new_part1
Arko3,collie,15,m,unneutered,22/03/2021,14/07/2022,2,1,gazing,r,1,r,r,1,1,mobileET_ostension_arco_s1_yarbus_new_part1
Arko3,collie,15,m,unneutered,22/03/2021,14/07/2022,3,1,control,l,0,r,r,1,1,mobileET_ostension_arco_s1_yarbus_new_part1
Arko3,collie,15,m,unneutered,22/03/2021,14/07/2022,4,1,gazing,r,1,r,r,1,1,mobileET_ostension_arco_s1_yarbus_new_part1
Arko3,collie,15,m,unneutered,22/03/2021,14/07/2022,5,1,gazing,l,0,r,r,1,1,mobileET_ostension_arco_s1_yarbus_new_part1
Arko3,collie,15,m,unneutered,22/03/2021,14/07/2022,6,1,gazing,r,1,r,r,1,1,mobileET_ostension_arco_s1_yarbus_new_part1
Arko3,collie,15,m,unneutered,22/03/2021,14/07/2022,7,1,gazing,r,1,r,r,1,1,mobileET_ostension_arco_s1_yarbus_new_part1
Arko3,collie,15,m,unneutered,22/03/2021,14/07/2022,8,1,control,l,0,r,,1,1,
Arko3,collie,15,m,unneutered,22/03/2021,14/07/2022,9,1,pointing,r,1,r,,1,1,
Arko3,collie,15,m,unneutered,22/03/2021,14/07/2022,10,1,pointing,l,0,r,,1,1,
Arko3,collie,15,m,unneutered,22/03/2021,14/07/2022,11,1,pointing,l,0,r,r,1,1,mobileET_ostension_arco_s1_yarbus_new_part2
Arko3,collie,15,m,unneutered,22/03/2021,14/07/2022,12,1,pointing,r,1,r,l,1,1,mobileET_ostension_arco_s1_yarbus_new_part2
Arko3,collie,15,m,unneutered,22/03/2021,14/07/2022,13,1,control,r,1,r,l,1,1,mobileET_ostension_arco_s1_yarbus_new_part2
Arko3,collie,15,m,unneutered,22/03/2021,14/07/2022,14,1,pointing,l,0,r,l,1,1,mobileET_ostension_arco_s1_yarbus_new_part2
Arko3,collie,15,m,unneutered,22/03/2021,14/07/2022,15,1,pointing,l,0,r,l,1,1,mobileET_ostension_arco_s1_yarbus_new_part2
Arko3,collie,19,m,unneutered,22/03/2021,28/10/2022,16,2,throwing,r,0,l,r,1,2,mobileET_ostension_arco_s3_yarbus
Arko3,collie,19,m,unneutered,22/03/2021,28/10/2022,17,2,throwing,l,0,r,l,1,2,mobileET_ostension_arco_s3_yarbus
Arko3,collie,19,m,unneutered,22/03/2021,28/10/2022,18,2,control,r,1,r,l,1,2,mobileET_ostension_arco_s3_yarbus
Arko3,collie,19,m,unneutered,22/03/2021,28/10/2022,19,2,throwing,l,0,r,r,1,2,mobileET_ostension_arco_s3_yarbus
Arko3,collie,19,m,unneutered,22/03/2021,28/10/2022,20,2,throwing,r,1,r,r,1,2,mobileET_ostension_arco_s3_yarbus
Arko3,collie,19,m,unneutered,22/03/2021,28/10/2022,21,2,throwing,r,1,r,r,1,2,mobileET_ostension_arco_s3_yarbus
Arko3,collie,19,m,unneutered,22/03/2021,28/10/2022,22,2,throwing,l,0,r,r,1,2,mobileET_ostension_arco_s3_yarbus
Arko3,collie,19,m,unneutered,22/03/2021,28/10/2022,23,2,control,l,0,r,r,1,2,mobileET_ostension_arco_s3_yarbus
Arko3,collie,19,m,unneutered,22/03/2021,28/10/2022,24,2,p+g,r,1,r,r,1,2,mobileET_ostension_arco_s3_yarbus
Arko3,collie,19,m,unneutered,22/03/2021,28/10/2022,25,2,p+g,l,0,r,r,1,2,mobileET_ostension_arco_s3_yarbus
Arko3,collie,19,m,unneutered,22/03/2021,28/10/2022,26,2,p+g,r,1,r,r,1,2,mobileET_ostension_arco_s3_yarbus
Arko3,collie,19,m,unneutered,22/03/2021,28/10/2022,27,2,p+g,l,0,r,r,1,2,mobileET_ostension_arco_s3_yarbus
Arko3,collie,19,m,unneutered,22/03/2021,28/10/2022,28,2,control,r,1,r,r,1,2,mobileET_ostension_arco_s3_yarbus
Arko3,collie,19,m,unneutered,22/03/2021,28/10/2022,29,2,p+g,l,1,l,r,1,2,mobileET_ostension_arco_s3_yarbus
Arko3,collie,19,m,unneutered,22/03/2021,28/10/2022,30,2,p+g,r,1,r,r,1,2,mobileET_ostension_arco_s3_yarbus
Diara,rhodesian_ridgeback,23,f,unneutered,08/09/2020,06/09/2022,1,2,throwing,l,0,r,l,1,1,mobileET_ostention_diara_s2_yarbus_new
Diara,rhodesian_ridgeback,23,f,unneutered,08/09/2020,06/09/2022,2,2,throwing,l,0,r,l,1,1,mobileET_ostention_diara_s2_yarbus_new
Diara,rhodesian_ridgeback,23,f,unneutered,08/09/2020,06/09/2022,3,2,control,r,1,r,l,1,1,mobileET_ostention_diara_s2_yarbus_new
Diara,rhodesian_ridgeback,23,f,unneutered,08/09/2020,06/09/2022,4,2,throwing,r,1,r,r,1,1,mobileET_ostention_diara_s2_yarbus_new
Diara,rhodesian_ridgeback,23,f,unneutered,08/09/2020,06/09/2022,5,2,throwing,l,0,r,r,1,1,mobileET_ostention_diara_s2_yarbus_new
Diara,rhodesian_ridgeback,23,f,unneutered,08/09/2020,06/09/2022,6,2,throwing,r,1,r,r,1,1,mobileET_ostention_diara_s2_yarbus_new
Diara,rhodesian_ridgeback,23,f,unneutered,08/09/2020,06/09/2022,7,2,throwing,l,0,r,l,1,1,mobileET_ostention_diara_s2_yarbus_new
Diara,rhodesian_ridgeback,23,f,unneutered,08/09/2020,06/09/2022,8,2,control,l,1,l,l,1,1,mobileET_ostention_diara_s2_yarbus_new
Diara,rhodesian_ridgeback,23,f,unneutered,08/09/2020,06/09/2022,9,2,p+g,r,1,r,l,1,1,mobileET_ostention_diara_s2_yarbus_new
Diara,rhodesian_ridgeback,23,f,unneutered,08/09/2020,06/09/2022,10,2,p+g,l,1,l,l,1,1,mobileET_ostention_diara_s2_yarbus_new
Diara,rhodesian_ridgeback,23,f,unneutered,08/09/2020,06/09/2022,11,2,p+g,r,1,r,r,1,1,mobileET_ostention_diara_s2_yarbus_new
Diara,rhodesian_ridgeback,23,f,unneutered,08/09/2020,06/09/2022,12,2,p+g,r,1,r,r,1,1,mobileET_ostention_diara_s2_yarbus_new
Diara,rhodesian_ridgeback,23,f,unneutered,08/09/2020,06/09/2022,13,2,control,l,0,r,l,1,1,mobileET_ostention_diara_s2_yarbus_new
Diara,rhodesian_ridgeback,23,f,unneutered,08/09/2020,06/09/2022,14,2,p+g,r,1,r,l,1,1,mobileET_ostention_diara_s2_yarbus_new
Diara,rhodesian_ridgeback,23,f,unneutered,08/09/2020,06/09/2022,15,2,p+g,l,0,r,l,1,1,mobileET_ostention_diara_s2_yarbus_new
Diara,rhodesian_ridgeback,24,f,unneutered,08/09/2020,26/09/2022,16,3,p+g,r,1,r,l,1,2,mobileET_ostension_diara_s3_yarbus2
Diara,rhodesian_ridgeback,24,f,unneutered,08/09/2020,26/09/2022,17,3,p+g,l,0,r,l,1,2,mobileET_ostension_diara_s3_yarbus2
Diara,rhodesian_ridgeback,24,f,unneutered,08/09/2020,26/09/2022,18,3,control,l,0,r,l,1,2,mobileET_ostension_diara_s3_yarbus2
Diara,rhodesian_ridgeback,24,f,unneutered,08/09/2020,26/09/2022,19,3,p+g,r,1,r,l,1,2,mobileET_ostension_diara_s3_yarbus2
Diara,rhodesian_ridgeback,24,f,unneutered,08/09/2020,26/09/2022,20,3,p+g,r,1,r,l,1,2,mobileET_ostension_diara_s3_yarbus2
Diara,rhodesian_ridgeback,24,f,unneutered,08/09/2020,26/09/2022,21,3,p+g,l,0,r,l,1,2,mobileET_ostension_diara_s3_yarbus2
Diara,rhodesian_ridgeback,24,f,unneutered,08/09/2020,26/09/2022,22,3,p+g,r,1,r,l,1,2,mobileET_ostension_diara_s3_yarbus2
Diara,rhodesian_ridgeback,24,f,unneutered,08/09/2020,26/09/2022,23,3,control,l,0,r,l,1,2,mobileET_ostension_diara_s3_yarbus2
Diara,rhodesian_ridgeback,24,f,unneutered,08/09/2020,26/09/2022,24,3,pointing,l,0,r,l,1,2,mobileET_ostension_diara_s3_yarbus2
Diara,rhodesian_ridgeback,24,f,unneutered,08/09/2020,26/09/2022,25,3,pointing,r,1,r,l,1,2,mobileET_ostension_diara_s3_yarbus2
Diara,rhodesian_ridgeback,24,f,unneutered,08/09/2020,26/09/2022,26,3,pointing,r,1,r,l,1,2,mobileET_ostension_diara_s3_yarbus2
Diara,rhodesian_ridgeback,24,f,unneutered,08/09/2020,26/09/2022,27,3,pointing,l,0,r,l,1,2,mobileET_ostension_diara_s3_yarbus2
Diara,rhodesian_ridgeback,24,f,unneutered,08/09/2020,26/09/2022,28,3,control,l,0,r,l,1,2,mobileET_ostension_diara_s3_yarbus2
Diara,rhodesian_ridgeback,24,f,unneutered,08/09/2020,26/09/2022,29,3,pointing,r,1,r,l,1,2,mobileET_ostension_diara_s3_yarbus2
Diara,rhodesian_ridgeback,24,f,unneutered,08/09/2020,26/09/2022,30,3,pointing,l,0,r,l,1,2,mobileET_ostension_diara_s3_yarbus2
Jimi,bull_terrier_mix,141,m,neutered,07/10/2010,14/07/2022,1,1,p+g,l,0,r,,0,,
Jimi,bull_terrier_mix,141,m,neutered,07/10/2010,14/07/2022,2,1,p+g,r,1,r,,0,,
Jimi,bull_terrier_mix,141,m,neutered,07/10/2010,14/07/2022,3,1,control,l,0,r,,0,,
Jimi,bull_terrier_mix,141,m,neutered,07/10/2010,28/07/2022,1,2,p+g,l,1,l,l,1,1,mobileET_ostension_Jimi_S1_Yarbus
Jimi,bull_terrier_mix,141,m,neutered,07/10/2010,28/07/2022,2,2,p+g,r,1,r,l,1,1,mobileET_ostension_Jimi_S1_Yarbus
Jimi,bull_terrier_mix,141,m,neutered,07/10/2010,28/07/2022,3,2,control,r,1,r,l,1,1,mobileET_ostension_Jimi_S1_Yarbus
Jimi,bull_terrier_mix,141,m,neutered,07/10/2010,28/07/2022,4,2,p+g,r,1,r,l,1,1,mobileET_ostension_Jimi_S1_Yarbus
Jimi,bull_terrier_mix,141,m,neutered,07/10/2010,28/07/2022,5,2,p+g,r,1,r,l,1,1,mobileET_ostension_Jimi_S1_Yarbus
Jimi,bull_terrier_mix,141,m,neutered,07/10/2010,28/07/2022,6,2,p+g,l,1,l,l,1,1,mobileET_ostension_Jimi_S1_Yarbus
Jimi,bull_terrier_mix,141,m,neutered,07/10/2010,28/07/2022,7,2,p+g,l,1,l,r,1,1,mobileET_ostension_Jimi_S1_Yarbus
Jimi,bull_terrier_mix,141,m,neutered,07/10/2010,28/07/2022,8,2,control,l,0,r,l,1,1,mobileET_ostension_Jimi_S1_Yarbus
Jimi,bull_terrier_mix,141,m,neutered,07/10/2010,28/07/2022,9,2,gazing,l,1,l,r,1,1,mobileET_ostension_Jimi_S1_Yarbus
Jimi,bull_terrier_mix,141,m,neutered,07/10/2010,28/07/2022,10,2,gazing,r,0,l,r,1,1,mobileET_ostension_Jimi_S1_Yarbus
Jimi,bull_terrier_mix,141,m,neutered,07/10/2010,28/07/2022,11,2,gazing,l,1,l,l,1,1,mobileET_ostension_Jimi_S1_Yarbus
Jimi,bull_terrier_mix,141,m,neutered,07/10/2010,28/07/2022,12,2,gazing,r,0,l,l,1,1,mobileET_ostension_Jimi_S1_Yarbus
Jimi,bull_terrier_mix,141,m,neutered,07/10/2010,28/07/2022,13,2,control,r,1,r,l,1,1,mobileET_ostension_Jimi_S1_Yarbus
Jimi,bull_terrier_mix,141,m,neutered,07/10/2010,28/07/2022,14,2,gazing,l,1,l,l,1,1,mobileET_ostension_Jimi_S1_Yarbus
Jimi,bull_terrier_mix,141,m,neutered,07/10/2010,28/07/2022,15,2,gazing,r,0,l,l,1,1,mobileET_ostension_Jimi_S1_Yarbus
Jimi,bull_terrier_mix,143,m,neutered,07/10/2010,29/09/2022,16,3,pointing,l,1,l,l,1,2,mobileET_ostension_jimi_s2_yarbus
Jimi,bull_terrier_mix,143,m,neutered,07/10/2010,29/09/2022,17,3,pointing,l,1,l,l,1,2,mobileET_ostension_jimi_s2_yarbus
Jimi,bull_terrier_mix,143,m,neutered,07/10/2010,29/09/2022,18,3,control,r,0,l,l,1,2,mobileET_ostension_jimi_s2_yarbus
Jimi,bull_terrier_mix,143,m,neutered,07/10/2010,29/09/2022,19,3,pointing,r,1,r,l,1,2,mobileET_ostension_jimi_s2_yarbus
Jimi,bull_terrier_mix,143,m,neutered,07/10/2010,29/09/2022,20,3,pointing,l,1,l,l,1,2,mobileET_ostension_jimi_s2_yarbus
Jimi,bull_terrier_mix,143,m,neutered,07/10/2010,29/09/2022,21,3,pointing,r,1,r,l,1,2,mobileET_ostension_jimi_s2_yarbus
Jimi,bull_terrier_mix,143,m,neutered,07/10/2010,29/09/2022,22,3,pointing,l,1,l,l,1,2,mobileET_ostension_jimi_s2_yarbus
Jimi,bull_terrier_mix,143,m,neutered,07/10/2010,29/09/2022,23,3,control,l,1,l,r,1,2,mobileET_ostension_jimi_s2_yarbus
Jimi,bull_terrier_mix,143,m,neutered,07/10/2010,29/09/2022,24,3,throwing,r,1,r,r,1,2,mobileET_ostension_jimi_s2_yarbus
Jimi,bull_terrier_mix,143,m,neutered,07/10/2010,29/09/2022,25,3,throwing,l,1,l,r,1,2,mobileET_ostension_jimi_s2_yarbus
Jimi,bull_terrier_mix,143,m,neutered,07/10/2010,29/09/2022,26,3,throwing,r,0,l,r,1,2,mobileET_ostension_jimi_s2_yarbus
Jimi,bull_terrier_mix,143,m,neutered,07/10/2010,29/09/2022,27,3,throwing,l,1,l,r,1,2,mobileET_ostension_jimi_s2_yarbus
Jimi,bull_terrier_mix,143,m,neutered,07/10/2010,29/09/2022,28,3,control,r,0,l,r,1,2,mobileET_ostension_jimi_s2_yarbus
Jimi,bull_terrier_mix,143,m,neutered,07/10/2010,29/09/2022,29,3,throwing,l,1,l,r,1,2,mobileET_ostension_jimi_s2_yarbus
Jimi,bull_terrier_mix,143,m,neutered,07/10/2010,29/09/2022,30,3,throwing,r,1,r,r,1,2,mobileET_ostension_jimi_s2_yarbus
Panda,american_staffordshire_terrier,39,f,unneutered,19/04/2019,21/07/2022,1,1,pointing,r,1,r,l,1,1,MobileET_ostension_panda_s1_yarbus_new
Panda,american_staffordshire_terrier,39,f,unneutered,19/04/2019,21/07/2022,2,1,pointing,l,0,r,l,1,1,MobileET_ostension_panda_s1_yarbus_new
Panda,american_staffordshire_terrier,39,f,unneutered,19/04/2019,21/07/2022,3,1,control,r,1,r,l,1,1,MobileET_ostension_panda_s1_yarbus_new
Panda,american_staffordshire_terrier,39,f,unneutered,19/04/2019,21/07/2022,4,1,pointing,l,1,l,l,1,1,MobileET_ostension_panda_s1_yarbus_new
Panda,american_staffordshire_terrier,39,f,unneutered,19/04/2019,21/07/2022,5,1,pointing,r,1,r,l,1,1,MobileET_ostension_panda_s1_yarbus_new
Panda,american_staffordshire_terrier,39,f,unneutered,19/04/2019,21/07/2022,6,1,pointing,l,1,l,l,1,1,MobileET_ostension_panda_s1_yarbus_new
Panda,american_staffordshire_terrier,39,f,unneutered,19/04/2019,21/07/2022,7,1,pointing,r,1,r,l,1,1,MobileET_ostension_panda_s1_yarbus_new
Panda,american_staffordshire_terrier,39,f,unneutered,19/04/2019,21/07/2022,8,1,control,l,0,r,l,1,1,MobileET_ostension_panda_s1_yarbus_new
Panda,american_staffordshire_terrier,39,f,unneutered,19/04/2019,21/07/2022,9,1,gazing,r,0,l,r,1,1,MobileET_ostension_panda_s1_yarbus_new
Panda,american_staffordshire_terrier,39,f,unneutered,19/04/2019,21/07/2022,10,1,gazing,l,0,r,l,1,1,MobileET_ostension_panda_s1_yarbus_new
Panda,american_staffordshire_terrier,39,f,unneutered,19/04/2019,21/07/2022,11,1,gazing,l,1,l,l,1,1,MobileET_ostension_panda_s1_yarbus_new
Panda,american_staffordshire_terrier,39,f,unneutered,19/04/2019,21/07/2022,12,1,gazing,r,0,l,r,1,1,MobileET_ostension_panda_s1_yarbus_new
Panda,american_staffordshire_terrier,39,f,unneutered,19/04/2019,21/07/2022,13,1,control,r,0,l,r,1,1,MobileET_ostension_panda_s1_yarbus_new
Panda,american_staffordshire_terrier,39,f,unneutered,19/04/2019,21/07/2022,14,1,gazing,l,0,r,r,1,1,MobileET_ostension_panda_s1_yarbus_new
Panda,american_staffordshire_terrier,39,f,unneutered,19/04/2019,21/07/2022,15,1,gazing,r,0,l,r,1,1,MobileET_ostension_panda_s1_yarbus_new
Panda,american_staffordshire_terrier,43,f,unneutered,19/04/2019,21/11/2022,16,4,p+g,l,0,r,l,1,2,mobileET_ostension_panda_s4_yarbus
Panda,american_staffordshire_terrier,43,f,unneutered,19/04/2019,22/11/2022,17,4,p+g,r,0,l,l,1,2,mobileET_ostension_panda_s4_yarbus
Panda,american_staffordshire_terrier,43,f,unneutered,19/04/2019,21/11/2022,18,4,control,l,1,l,l,1,2,mobileET_ostension_panda_s4_yarbus
Panda,american_staffordshire_terrier,43,f,unneutered,19/04/2019,21/11/2022,19,4,p+g,l,0,r,r,1,2,mobileET_ostension_panda_s4_yarbus
Panda,american_staffordshire_terrier,43,f,unneutered,19/04/2019,21/11/2022,20,4,p+g,r,0,l,r,1,2,mobileET_ostension_panda_s4_yarbus
Panda,american_staffordshire_terrier,43,f,unneutered,19/04/2019,21/11/2022,21,4,p+g,l,0,r,l,1,2,mobileET_ostension_panda_s4_yarbus
Panda,american_staffordshire_terrier,43,f,unneutered,19/04/2019,21/11/2022,22,4,p+g,r,0,l,l,1,2,mobileET_ostension_panda_s4_yarbus
Panda,american_staffordshire_terrier,43,f,unneutered,19/04/2019,21/11/2022,23,4,control,r,1,r,r,1,2,mobileET_ostension_panda_s4_yarbus
Panda,american_staffordshire_terrier,43,f,unneutered,19/04/2019,22/11/2022,24,4,throwing,l,1,l,r,1,2,mobileET_ostension_panda_s4_yarbus
Panda,american_staffordshire_terrier,43,f,unneutered,19/04/2019,21/11/2022,25,4,throwing,l,1,l,l,1,2,mobileET_ostension_panda_s4_yarbus
Panda,american_staffordshire_terrier,43,f,unneutered,19/04/2019,21/11/2022,26,4,throwing,r,0,l,l,1,2,mobileET_ostension_panda_s4_yarbus
Panda,american_staffordshire_terrier,43,f,unneutered,19/04/2019,21/11/2022,27,4,throwing,r,1,r,r,1,2,mobileET_ostension_panda_s4_yarbus
Panda,american_staffordshire_terrier,43,f,unneutered,19/04/2019,21/11/2022,28,4,control,l,0,r,r,1,2,mobileET_ostension_panda_s4_yarbus
Panda,american_staffordshire_terrier,43,f,unneutered,19/04/2019,21/11/2022,29,4,throwing,l,1,l,r,1,2,mobileET_ostension_panda_s4_yarbus
Panda,american_staffordshire_terrier,43,f,unneutered,19/04/2019,21/11/2022,30,4,throwing,r,0,l,l,1,2,mobileET_ostension_panda_s4_yarbus
Juna,flat_coated_retriever,77,f,unneutered,06/02/2016,29/07/2022,1,1,throwing,r,0,l,r,1,1,mobileET_ostension_juna_s1_yarbus
Juna,flat_coated_retriever,77,f,unneutered,06/02/2016,29/07/2022,2,1,throwing,l,0,r,r,1,1,mobileET_ostension_juna_s1_yarbus
Juna,flat_coated_retriever,77,f,unneutered,06/02/2016,29/07/2022,3,1,control,l,0,r,r,1,1,mobileET_ostension_juna_s1_yarbus
Juna,flat_coated_retriever,77,f,unneutered,06/02/2016,29/07/2022,4,1,throwing,r,1,r,r,1,1,mobileET_ostension_juna_s1_yarbus
Juna,flat_coated_retriever,77,f,unneutered,06/02/2016,29/07/2022,5,1,throwing,r,1,r,r,1,1,mobileET_ostension_juna_s1_yarbus
Juna,flat_coated_retriever,77,f,unneutered,06/02/2016,29/07/2022,6,1,throwing,l,0,r,r,1,1,mobileET_ostension_juna_s1_yarbus
Juna,flat_coated_retriever,77,f,unneutered,06/02/2016,29/07/2022,7,1,throwing,r,0,l,r,1,1,mobileET_ostension_juna_s1_yarbus
Juna,flat_coated_retriever,77,f,unneutered,06/02/2016,29/07/2022,8,1,control,l,0,r,r,1,1,mobileET_ostension_juna_s1_yarbus
Juna,flat_coated_retriever,77,f,unneutered,06/02/2016,29/07/2022,9,1,pointing,l,1,l,l,1,1,mobileET_ostension_juna_s1_yarbus
Juna,flat_coated_retriever,77,f,unneutered,06/02/2016,29/07/2022,10,1,pointing,r,1,r,l,1,1,mobileET_ostension_juna_s1_yarbus
Juna,flat_coated_retriever,77,f,unneutered,06/02/2016,29/07/2022,11,1,pointing,r,1,r,l,1,1,mobileET_ostension_juna_s1_yarbus
Juna,flat_coated_retriever,77,f,unneutered,06/02/2016,29/07/2022,12,1,pointing,l,0,r,l,1,1,mobileET_ostension_juna_s1_yarbus
Juna,flat_coated_retriever,77,f,unneutered,06/02/2016,29/07/2022,13,1,control,l,0,r,l,1,1,mobileET_ostension_juna_s1_yarbus
Juna,flat_coated_retriever,77,f,unneutered,06/02/2016,29/07/2022,14,1,pointing,r,1,r,l,1,1,mobileET_ostension_juna_s1_yarbus
Juna,flat_coated_retriever,77,f,unneutered,06/02/2016,29/07/2022,15,1,pointing,l,0,r,l,1,1,mobileET_ostension_juna_s1_yarbus
Juna,flat_coated_retriever,79,f,unneutered,06/02/2016,07/09/2022,16,3,p+g,r,0,l,r,1,2,mobileET_ostension_juna_s3_yarbus
Juna,flat_coated_retriever,79,f,unneutered,06/02/2016,07/09/2022,17,3,p+g,l,1,l,l,1,2,mobileET_ostension_juna_s3_yarbus
Juna,flat_coated_retriever,79,f,unneutered,06/02/2016,07/09/2022,18,3,control,r,0,l,r,1,2,mobileET_ostension_juna_s3_yarbus
Juna,flat_coated_retriever,79,f,unneutered,06/02/2016,07/09/2022,19,3,p+g,l,1,l,r,1,2,mobileET_ostension_juna_s3_yarbus
Juna,flat_coated_retriever,79,f,unneutered,06/02/2016,07/09/2022,20,3,p+g,l,1,l,l,1,2,mobileET_ostension_juna_s3_yarbus
Juna,flat_coated_retriever,79,f,unneutered,06/02/2016,07/09/2022,21,3,p+g,r,1,r,r,1,2,mobileET_ostension_juna_s3_yarbus
Juna,flat_coated_retriever,79,f,unneutered,06/02/2016,07/09/2022,22,3,p+g,l,1,l,r,1,2,mobileET_ostension_juna_s3_yarbus
Juna,flat_coated_retriever,79,f,unneutered,06/02/2016,07/09/2022,23,3,control,r,0,l,l,1,2,mobileET_ostension_juna_s3_yarbus
Juna,flat_coated_retriever,79,f,unneutered,06/02/2016,07/09/2022,24,3,gazing,r,0,l,l,1,2,mobileET_ostension_juna_s3_yarbus
Juna,flat_coated_retriever,79,f,unneutered,06/02/2016,07/09/2022,25,3,gazing,l,1,l,r,1,2,mobileET_ostension_juna_s3_yarbus
Juna,flat_coated_retriever,79,f,unneutered,06/02/2016,07/09/2022,26,3,gazing,l,1,l,r,1,2,mobileET_ostension_juna_s3_yarbus
Juna,flat_coated_retriever,79,f,unneutered,06/02/2016,07/09/2022,27,3,gazing,r,0,l,r,1,2,mobileET_ostension_juna_s3_yarbus
Juna,flat_coated_retriever,79,f,unneutered,06/02/2016,07/09/2022,28,3,control,l,1,l,r,1,2,mobileET_ostension_juna_s3_yarbus
Juna,flat_coated_retriever,79,f,unneutered,06/02/2016,07/09/2022,29,3,gazing,r,0,l,r,1,2,mobileET_ostension_juna_s3_yarbus
Juna,flat_coated_retriever,79,f,unneutered,06/02/2016,07/09/2022,30,3,gazing,l,1,l,r,1,2,mobileET_ostension_juna_s3_yarbus
Riu,australian_shepherd,52,f,unneutered,28/03/2018,19/08/2022,1,1,gazing,l,1,l,r,1,1,mobileET_ostension_Riu_S1_Yarbus
Riu,australian_shepherd,52,f,unneutered,28/03/2018,19/08/2022,2,1,gazing,r,1,r,r,1,1,mobileET_ostension_Riu_S1_Yarbus
Riu,australian_shepherd,52,f,unneutered,28/03/2018,19/08/2022,3,1,control,l,0,r,r,1,1,mobileET_ostension_Riu_S1_Yarbus
Riu,australian_shepherd,52,f,unneutered,28/03/2018,19/08/2022,4,1,gazing,r,0,l,r,1,1,mobileET_ostension_Riu_S1_Yarbus
Riu,australian_shepherd,52,f,unneutered,28/03/2018,19/08/2022,5,1,gazing,r,1,r,r,1,1,mobileET_ostension_Riu_S1_Yarbus
Riu,australian_shepherd,52,f,unneutered,28/03/2018,19/08/2022,6,1,gazing,l,0,r,r,1,1,mobileET_ostension_Riu_S1_Yarbus
Riu,australian_shepherd,52,f,unneutered,28/03/2018,19/08/2022,7,1,gazing,r,1,r,r,1,1,mobileET_ostension_Riu_S1_Yarbus
Riu,australian_shepherd,52,f,unneutered,28/03/2018,19/08/2022,8,1,control,l,1,l,r,1,1,mobileET_ostension_Riu_S1_Yarbus
Riu,australian_shepherd,52,f,unneutered,28/03/2018,19/08/2022,9,1,throwing,r,1,r,r,1,1,mobileET_ostension_Riu_S1_Yarbus
Riu,australian_shepherd,52,f,unneutered,28/03/2018,19/08/2022,10,1,throwing,l,1,l,r,1,1,mobileET_ostension_Riu_S1_Yarbus
Riu,australian_shepherd,52,f,unneutered,28/03/2018,19/08/2022,11,1,throwing,r,1,r,r,1,1,mobileET_ostension_Riu_S1_Yarbus
Riu,australian_shepherd,52,f,unneutered,28/03/2018,19/08/2022,12,1,throwing,l,0,r,r,1,1,mobileET_ostension_Riu_S1_Yarbus
Riu,australian_shepherd,52,f,unneutered,28/03/2018,19/08/2022,13,1,control,r,1,r,l,1,1,mobileET_ostension_Riu_S1_Yarbus
Riu,australian_shepherd,52,f,unneutered,28/03/2018,19/08/2022,14,1,throwing,l,1,l,l,1,1,mobileET_ostension_Riu_S1_Yarbus
Riu,australian_shepherd,52,f,unneutered,28/03/2018,19/08/2022,15,1,throwing,l,0,r,l,1,1,mobileET_ostension_Riu_S1_Yarbus
Riu,australian_shepherd,53,f,unneutered,28/03/2018,19/09/2022,16,2,p+g,r,1,r,r,1,2,mobileET_ostension_riu_s2_varbus
Riu,australian_shepherd,53,f,unneutered,28/03/2018,19/09/2022,17,2,p+g,l,1,l,r,1,2,mobileET_ostension_riu_s2_varbus
Riu,australian_shepherd,53,f,unneutered,28/03/2018,19/09/2022,18,2,control,r,1,r,r,1,2,mobileET_ostension_riu_s2_varbus
Riu,australian_shepherd,53,f,unneutered,28/03/2018,19/09/2022,19,2,p+g,r,1,r,r,1,2,mobileET_ostension_riu_s2_varbus
Riu,australian_shepherd,53,f,unneutered,28/03/2018,19/09/2022,20,2,p+g,l,1,l,r,1,2,mobileET_ostension_riu_s2_varbus
Riu,australian_shepherd,53,f,unneutered,28/03/2018,19/09/2022,21,2,p+g,l,1,l,r,1,2,mobileET_ostension_riu_s2_varbus
Riu,australian_shepherd,53,f,unneutered,28/03/2018,19/09/2022,22,2,p+g,r,1,r,r,1,2,mobileET_ostension_riu_s2_varbus
Riu,australian_shepherd,53,f,unneutered,28/03/2018,19/09/2022,23,2,control,r,0,l,r,1,2,mobileET_ostension_riu_s2_varbus
Riu,australian_shepherd,53,f,unneutered,28/03/2018,19/09/2022,24,2,pointing,l,0,r,l,1,2,mobileET_ostension_riu_s2_varbus
Riu,australian_shepherd,53,f,unneutered,28/03/2018,19/09/2022,25,2,pointing,r,1,r,l,1,2,mobileET_ostension_riu_s2_varbus
Riu,australian_shepherd,53,f,unneutered,28/03/2018,19/09/2022,26,2,pointing,l,0,r,l,1,2,mobileET_ostension_riu_s2_varbus
Riu,australian_shepherd,53,f,unneutered,28/03/2018,19/09/2022,27,2,pointing,l,0,r,l,1,2,mobileET_ostension_riu_s2_varbus
Riu,australian_shepherd,53,f,unneutered,28/03/2018,19/09/2022,28,2,control,r,0,l,l,1,2,mobileET_ostension_riu_s2_varbus
Riu,australian_shepherd,53,f,unneutered,28/03/2018,19/09/2022,29,2,pointing,r,1,r,l,1,2,mobileET_ostension_riu_s2_varbus
Riu,australian_shepherd,53,f,unneutered,28/03/2018,19/09/2022,30,2,pointing,l,0,r,l,1,2,mobileET_ostension_riu_s2_varbus
Mia11,german_shorthaired_pointer_mix,47,f,unneutered,01/10/2018,19/09/2022,1,1,gazing,l,0,r,r,1,1,mobileET_ostension_mia_s1_yarbus
Mia11,german_shorthaired_pointer_mix,47,f,unneutered,01/10/2018,19/09/2022,2,1,gazing,l,0,r,r,1,1,mobileET_ostension_mia_s1_yarbus
Mia11,german_shorthaired_pointer_mix,47,f,unneutered,01/10/2018,19/09/2022,3,1,control,r,1,r,r,1,1,mobileET_ostension_mia_s1_yarbus
Mia11,german_shorthaired_pointer_mix,47,f,unneutered,01/10/2018,19/09/2022,4,1,gazing,l,0,r,l,1,1,mobileET_ostension_mia_s1_yarbus
Mia11,german_shorthaired_pointer_mix,47,f,unneutered,01/10/2018,19/09/2022,5,1,gazing,r,1,r,l,1,1,mobileET_ostension_mia_s1_yarbus
Mia11,german_shorthaired_pointer_mix,47,f,unneutered,01/10/2018,19/09/2022,6,1,gazing,l,0,r,l,1,1,mobileET_ostension_mia_s1_yarbus
Mia11,german_shorthaired_pointer_mix,47,f,unneutered,01/10/2018,19/09/2022,7,1,gazing,r,1,r,l,1,1,mobileET_ostension_mia_s1_yarbus
Mia11,german_shorthaired_pointer_mix,47,f,unneutered,01/10/2018,19/09/2022,8,1,control,r,1,r,l,1,1,mobileET_ostension_mia_s1_yarbus
Mia11,german_shorthaired_pointer_mix,47,f,unneutered,01/10/2018,19/09/2022,9,1,p+g,l,0,r,l,1,1,mobileET_ostension_mia_s1_yarbus
Mia11,german_shorthaired_pointer_mix,47,f,unneutered,01/10/2018,19/09/2022,10,1,p+g,r,1,r,l,1,1,mobileET_ostension_mia_s1_yarbus
Mia11,german_shorthaired_pointer_mix,47,f,unneutered,01/10/2018,19/09/2022,11,1,p+g,l,0,r,l,1,1,mobileET_ostension_mia_s1_yarbus
Mia11,german_shorthaired_pointer_mix,47,f,unneutered,01/10/2018,19/09/2022,12,1,p+g,l,0,r,l,1,1,mobileET_ostension_mia_s1_yarbus
Mia11,german_shorthaired_pointer_mix,47,f,unneutered,01/10/2018,19/09/2022,13,1,control,r,1,r,l,1,1,mobileET_ostension_mia_s1_yarbus
Mia11,german_shorthaired_pointer_mix,47,f,unneutered,01/10/2018,19/09/2022,14,1,p+g,r,1,r,l,1,1,mobileET_ostension_mia_s1_yarbus
Mia11,german_shorthaired_pointer_mix,47,f,unneutered,01/10/2018,19/09/2022,15,1,p+g,l,0,r,l,1,1,mobileET_ostension_mia_s1_yarbus
Mia11,german_shorthaired_pointer_mix,47,f,unneutered,01/10/2018,30/09/2022,16,2,pointing,l,0,r,r,1,2,mobileET_ostension_Mia_S2_yarbus
Mia11,german_shorthaired_pointer_mix,47,f,unneutered,01/10/2018,30/09/2022,17,2,pointing,r,1,r,r,1,2,mobileET_ostension_Mia_S2_yarbus
Mia11,german_shorthaired_pointer_mix,47,f,unneutered,01/10/2018,30/09/2022,18,2,control,r,1,r,r,1,2,mobileET_ostension_Mia_S2_yarbus
Mia11,german_shorthaired_pointer_mix,47,f,unneutered,01/10/2018,30/09/2022,19,2,pointing,l,0,r,r,1,2,mobileET_ostension_Mia_S2_yarbus
Mia11,german_shorthaired_pointer_mix,47,f,unneutered,01/10/2018,30/09/2022,20,2,pointing,r,1,r,r,1,2,mobileET_ostension_Mia_S2_yarbus
Mia11,german_shorthaired_pointer_mix,47,f,unneutered,01/10/2018,30/09/2022,21,2,pointing,l,0,r,r,1,2,mobileET_ostension_Mia_S2_yarbus
Mia11,german_shorthaired_pointer_mix,47,f,unneutered,01/10/2018,30/09/2022,22,2,pointing,l,0,r,r,1,2,mobileET_ostension_Mia_S2_yarbus
Mia11,german_shorthaired_pointer_mix,47,f,unneutered,01/10/2018,30/09/2022,23,2,control,l,0,r,r,1,2,mobileET_ostension_Mia_S2_yarbus
Mia11,german_shorthaired_pointer_mix,47,f,unneutered,01/10/2018,30/09/2022,24,2,throwing,l,0,r,l,1,2,mobileET_ostension_Mia_S2_yarbus
Mia11,german_shorthaired_pointer_mix,47,f,unneutered,01/10/2018,30/09/2022,25,2,throwing,r,0,l,l,1,2,mobileET_ostension_Mia_S2_yarbus
Mia11,german_shorthaired_pointer_mix,47,f,unneutered,01/10/2018,30/09/2022,26,2,throwing,r,0,l,r,1,2,mobileET_ostension_Mia_S2_yarbus
Mia11,german_shorthaired_pointer_mix,47,f,unneutered,01/10/2018,30/09/2022,27,2,throwing,l,0,r,r,1,2,mobileET_ostension_Mia_S2_yarbus
Mia11,german_shorthaired_pointer_mix,47,f,unneutered,01/10/2018,30/09/2022,28,2,control,l,0,r,r,1,2,mobileET_ostension_Mia_S2_yarbus
Mia11,german_shorthaired_pointer_mix,47,f,unneutered,01/10/2018,30/09/2022,29,2,throwing,r,1,r,r,1,2,mobileET_ostension_Mia_S2_yarbus
Mia11,german_shorthaired_pointer_mix,47,f,unneutered,01/10/2018,30/09/2022,30,2,throwing,r,1,r,r,1,2,mobileET_ostension_Mia_S2_yarbus
Emil9,poodle,24,m,unneutered,16/09/2020,26/09/2022,1,1,p+g,l,1,l,r,1,1,mobileET_ostension_emil_s2_yarbus
Emil9,poodle,24,m,unneutered,16/09/2020,26/09/2022,2,1,p+g,l,1,l,l,1,1,mobileET_ostension_emil_s2_yarbus
Emil9,poodle,24,m,unneutered,16/09/2020,26/09/2022,3,1,control,r,0,l,l,1,1,mobileET_ostension_emil_s2_yarbus
Emil9,poodle,24,m,unneutered,16/09/2020,26/09/2022,4,1,p+g,r,1,r,l,1,1,mobileET_ostension_emil_s2_yarbus
Emil9,poodle,24,m,unneutered,16/09/2020,26/09/2022,5,1,p+g,l,1,l,l,1,1,mobileET_ostension_emil_s2_yarbus
Emil9,poodle,24,m,unneutered,16/09/2020,26/09/2022,6,1,p+g,l,1,l,l,1,1,mobileET_ostension_emil_s2_yarbus
Emil9,poodle,24,m,unneutered,16/09/2020,26/09/2022,7,1,p+g,r,1,r,l,1,1,mobileET_ostension_emil_s2_yarbus
Emil9,poodle,24,m,unneutered,16/09/2020,26/09/2022,8,1,control,l,1,l,l,1,1,mobileET_ostension_emil_s2_yarbus
Emil9,poodle,24,m,unneutered,16/09/2020,26/09/2022,9,1,gazing,r,1,r,l,1,1,mobileET_ostension_emil_s2_yarbus
Emil9,poodle,24,m,unneutered,16/09/2020,26/09/2022,10,1,gazing,l,0,r,l,1,1,mobileET_ostension_emil_s2_yarbus
Emil9,poodle,24,m,unneutered,16/09/2020,26/09/2022,11,1,gazing,r,1,r,l,1,1,mobileET_ostension_emil_s2_yarbus
Emil9,poodle,24,m,unneutered,16/09/2020,26/09/2022,12,1,gazing,r,0,l,l,1,1,mobileET_ostension_emil_s2_yarbus
Emil9,poodle,24,m,unneutered,16/09/2020,26/09/2022,13,1,control,l,0,r,l,1,1,mobileET_ostension_emil_s2_yarbus
Emil9,poodle,24,m,unneutered,16/09/2020,26/09/2022,14,1,gazing,r,0,l,l,1,1,mobileET_ostension_emil_s2_yarbus
Emil9,poodle,24,m,unneutered,16/09/2020,26/09/2022,15,1,gazing,l,1,l,r,1,1,mobileET_ostension_emil_s2_yarbus
Emil9,poodle,24,m,unneutered,16/09/2020,30/09/2022,16,2,throwing,r,1,r,r,1,2,mobileET_ostension_emil_s3_yarbus
Emil9,poodle,24,m,unneutered,16/09/2020,30/09/2022,17,2,throwing,l,1,l,r,1,2,mobileET_ostension_emil_s3_yarbus
Emil9,poodle,24,m,unneutered,16/09/2020,30/09/2022,18,2,control,l,0,r,r,1,2,mobileET_ostension_emil_s3_yarbus
Emil9,poodle,24,m,unneutered,16/09/2020,30/09/2022,19,2,throwing,r,0,l,r,1,2,mobileET_ostension_emil_s3_yarbus
Emil9,poodle,24,m,unneutered,16/09/2020,30/09/2022,20,2,throwing,r,1,r,r,1,2,mobileET_ostension_emil_s3_yarbus
Emil9,poodle,24,m,unneutered,16/09/2020,30/09/2022,21,2,throwing,l,1,l,r,1,2,mobileET_ostension_emil_s3_yarbus
Emil9,poodle,24,m,unneutered,16/09/2020,30/09/2022,22,2,throwing,r,0,l,r,1,2,mobileET_ostension_emil_s3_yarbus
Emil9,poodle,24,m,unneutered,16/09/2020,30/09/2022,23,2,control,l,0,r,r,1,2,mobileET_ostension_emil_s3_yarbus
Emil9,poodle,24,m,unneutered,16/09/2020,30/09/2022,24,2,pointing,r,1,r,r,1,2,mobileET_ostension_emil_s3_yarbus
Emil9,poodle,24,m,unneutered,16/09/2020,30/09/2022,25,2,pointing,l,1,l,r,1,2,mobileET_ostension_emil_s3_yarbus
Emil9,poodle,24,m,unneutered,16/09/2020,30/09/2022,26,2,pointing,l,1,l,r,1,2,mobileET_ostension_emil_s3_yarbus
Emil9,poodle,24,m,unneutered,16/09/2020,30/09/2022,27,2,pointing,r,1,r,r,1,2,mobileET_ostension_emil_s3_yarbus
Emil9,poodle,24,m,unneutered,16/09/2020,30/09/2022,28,2,control,l,1,l,r,1,2,mobileET_ostension_emil_s3_yarbus
Emil9,poodle,24,m,unneutered,16/09/2020,30/09/2022,29,2,pointing,r,0,l,r,1,2,mobileET_ostension_emil_s3_yarbus
Emil9,poodle,24,m,unneutered,16/09/2020,30/09/2022,30,2,pointing,r,0,l,l,1,2,mobileET_ostension_emil_s3_yarbus
Mexx2,australian_shepherd,129,m,unneutered,30/12/2011,21/10/2022,1,1,gazing,l,1,l,l,1,1,mobileET_ostension_mexx_s1_yarbus
Mexx2,australian_shepherd,129,m,unneutered,30/12/2011,21/10/2022,2,1,gazing,r,1,r,r,1,1,mobileET_ostension_mexx_s1_yarbus
Mexx2,australian_shepherd,129,m,unneutered,30/12/2011,21/10/2022,3,1,gazing,l,1,l,l,1,1,mobileET_ostension_mexx_s1_yarbus
Mexx2,australian_shepherd,129,m,unneutered,30/12/2011,21/10/2022,4,1,gazing,r,0,l,l,1,1,mobileET_ostension_mexx_s1_yarbus
Mexx2,australian_shepherd,129,m,unneutered,30/12/2011,21/10/2022,5,1,control,l,0,r,l,1,1,mobileET_ostension_mexx_s1_yarbus
Mexx2,australian_shepherd,129,m,unneutered,30/12/2011,21/10/2022,6,1,gazing,r,1,r,l,1,1,mobileET_ostension_mexx_s1_yarbus
Mexx2,australian_shepherd,129,m,unneutered,30/12/2011,21/10/2022,7,1,gazing,r,1,r,l,1,1,mobileET_ostension_mexx_s1_yarbus
Mexx2,australian_shepherd,129,m,unneutered,30/12/2011,21/10/2022,8,1,control,l,0,r,l,1,1,mobileET_ostension_mexx_s1_yarbus
Mexx2,australian_shepherd,129,m,unneutered,30/12/2011,21/10/2022,9,1,throwing,r,1,r,l,1,1,mobileET_ostension_mexx_s1_yarbus
Mexx2,australian_shepherd,129,m,unneutered,30/12/2011,21/10/2022,10,1,throwing,l,0,r,l,1,1,mobileET_ostension_mexx_s1_yarbus
Mexx2,australian_shepherd,129,m,unneutered,30/12/2011,21/10/2022,11,1,throwing,l,1,l,l,1,1,mobileET_ostension_mexx_s1_yarbus
Mexx2,australian_shepherd,129,m,unneutered,30/12/2011,21/10/2022,12,1,throwing,r,0,l,l,1,1,mobileET_ostension_mexx_s1_yarbus
Mexx2,australian_shepherd,129,m,unneutered,30/12/2011,21/10/2022,13,1,control,l,0,r,l,1,1,mobileET_ostension_mexx_s1_yarbus
Mexx2,australian_shepherd,129,m,unneutered,30/12/2011,21/10/2022,14,1,throwing,r,0,l,l,1,1,mobileET_ostension_mexx_s1_yarbus
Mexx2,australian_shepherd,129,m,unneutered,30/12/2011,21/10/2022,15,1,throwing,r,0,l,l,1,1,mobileET_ostension_mexx_s1_yarbus
Mexx2,australian_shepherd,130,m,unneutered,30/12/2011,22/11/2022,16,3,p+g,l,1,l,r,1,2,mobileET_ostension_mexx_s3_yarbus
Mexx2,australian_shepherd,130,m,unneutered,30/12/2011,22/11/2022,17,3,p+g,r,1,r,r,1,2,mobileET_ostension_mexx_s3_yarbus
Mexx2,australian_shepherd,130,m,unneutered,30/12/2011,22/11/2022,18,3,control,l,1,l,l,1,2,mobileET_ostension_mexx_s3_yarbus
Mexx2,australian_shepherd,130,m,unneutered,30/12/2011,22/11/2022,19,3,p+g,r,1,r,l,1,2,mobileET_ostension_mexx_s3_yarbus
Mexx2,australian_shepherd,130,m,unneutered,30/12/2011,22/11/2022,20,3,p+g,l,1,l,r,1,2,mobileET_ostension_mexx_s3_yarbus
Mexx2,australian_shepherd,130,m,unneutered,30/12/2011,22/11/2022,21,3,p+g,l,1,l,r,1,2,mobileET_ostension_mexx_s3_yarbus
Mexx2,australian_shepherd,130,m,unneutered,30/12/2011,22/11/2022,22,3,p+g,r,1,r,r,1,2,mobileET_ostension_mexx_s3_yarbus
Mexx2,australian_shepherd,130,m,unneutered,30/12/2011,22/11/2022,23,3,control,l,1,l,l,1,2,mobileET_ostension_mexx_s3_yarbus
Mexx2,australian_shepherd,130,m,unneutered,30/12/2011,22/11/2022,24,3,pointing,r,1,r,l,1,2,mobileET_ostension_mexx_s3_yarbus
Mexx2,australian_shepherd,130,m,unneutered,30/12/2011,22/11/2022,25,3,pointing,l,1,l,l,1,2,mobileET_ostension_mexx_s3_yarbus
Mexx2,australian_shepherd,130,m,unneutered,30/12/2011,22/11/2022,26,3,pointing,r,1,r,l,1,2,mobileET_ostension_mexx_s3_yarbus
Mexx2,australian_shepherd,130,m,unneutered,30/12/2011,22/11/2022,27,3,pointing,r,1,r,r,1,2,mobileET_ostension_mexx_s3_yarbus
Mexx2,australian_shepherd,130,m,unneutered,30/12/2011,22/11/2022,28,3,control,l,1,l,l,1,2,mobileET_ostension_mexx_s3_yarbus
Mexx2,australian_shepherd,130,m,unneutered,30/12/2011,22/11/2022,29,3,pointing,l,1,l,r,1,2,mobileET_ostension_mexx_s3_yarbus
Mexx2,australian_shepherd,130,m,unneutered,30/12/2011,22/11/2022,30,3,pointing,r,1,r,r,1,2,mobileET_ostension_mexx_s3_yarbus
Floki,australian_shepherd,12,m,unneutered,31/10/2021,04/11/2022,1,2,pointing,r,1,r,r,1,1,mobileET_ostension_floki_s2_yarbus_new
Floki,australian_shepherd,12,m,unneutered,31/10/2021,04/11/2022,2,2,pointing,l,0,r,r,1,1,mobileET_ostension_floki_s2_yarbus_new
Floki,australian_shepherd,12,m,unneutered,31/10/2021,04/11/2022,3,2,pointing,r,1,r,r,1,1,mobileET_ostension_floki_s2_yarbus_new
Floki,australian_shepherd,12,m,unneutered,31/10/2021,04/11/2022,4,2,pointing,l,0,r,r,1,1,mobileET_ostension_floki_s2_yarbus_new
Floki,australian_shepherd,12,m,unneutered,31/10/2021,04/11/2022,5,2,control,r,0,l,r,1,1,mobileET_ostension_floki_s2_yarbus_new
Floki,australian_shepherd,12,m,unneutered,31/10/2021,04/11/2022,6,2,pointing,l,1,l,r,1,1,mobileET_ostension_floki_s2_yarbus_new
Floki,australian_shepherd,12,m,unneutered,31/10/2021,04/11/2022,7,2,pointing,r,1,r,r,1,1,mobileET_ostension_floki_s2_yarbus_new
Floki,australian_shepherd,12,m,unneutered,31/10/2021,04/11/2022,8,2,control,l,0,r,r,1,1,mobileET_ostension_floki_s2_yarbus_new
Floki,australian_shepherd,12,m,unneutered,31/10/2021,04/11/2022,9,2,p+g,r,1,r,r,1,1,mobileET_ostension_floki_s2_yarbus_new
Floki,australian_shepherd,12,m,unneutered,31/10/2021,04/11/2022,10,2,p+g,l,0,r,r,1,1,mobileET_ostension_floki_s2_yarbus_new
Floki,australian_shepherd,12,m,unneutered,31/10/2021,04/11/2022,11,2,p+g,l,1,l,r,1,1,mobileET_ostension_floki_s2_yarbus_new
Floki,australian_shepherd,12,m,unneutered,31/10/2021,04/11/2022,12,2,p+g,r,1,r,r,1,1,mobileET_ostension_floki_s2_yarbus_new
Floki,australian_shepherd,12,m,unneutered,31/10/2021,04/11/2022,13,2,control,r,1,r,r,1,1,mobileET_ostension_floki_s2_yarbus_new
Floki,australian_shepherd,12,m,unneutered,31/10/2021,04/11/2022,14,2,p+g,l,0,r,r,1,1,mobileET_ostension_floki_s2_yarbus_new
Floki,australian_shepherd,12,m,unneutered,31/10/2021,04/11/2022,15,2,p+g,r,0,l,r,1,1,mobileET_ostension_floki_s2_yarbus_new
Floki,australian_shepherd,12,m,unneutered,31/10/2021,22/11/2022,16,3,throwing,l,0,r,l,1,2,mobileET_ostension_floki_s3_yarbus
Floki,australian_shepherd,12,m,unneutered,31/10/2021,22/11/2022,17,3,throwing,l,0,r,r,1,2,mobileET_ostension_floki_s3_yarbus
Floki,australian_shepherd,12,m,unneutered,31/10/2021,22/11/2022,18,3,control,r,1,r,l,1,2,mobileET_ostension_floki_s3_yarbus
Floki,australian_shepherd,12,m,unneutered,31/10/2021,22/11/2022,19,3,throwing,r,1,r,r,1,2,mobileET_ostension_floki_s3_yarbus
Floki,australian_shepherd,12,m,unneutered,31/10/2021,22/11/2022,20,3,throwing,l,0,r,l,1,2,mobileET_ostension_floki_s3_yarbus
Floki,australian_shepherd,12,m,unneutered,31/10/2021,22/11/2022,21,3,throwing,r,1,r,r,1,2,mobileET_ostension_floki_s3_yarbus
Floki,australian_shepherd,12,m,unneutered,31/10/2021,22/11/2022,22,3,throwing,l,0,r,l,1,2,mobileET_ostension_floki_s3_yarbus
Floki,australian_shepherd,12,m,unneutered,31/10/2021,22/11/2022,23,3,control,l,0,r,r,1,2,mobileET_ostension_floki_s3_yarbus
Floki,australian_shepherd,12,m,unneutered,31/10/2021,22/11/2022,24,3,gazing,r,1,r,l,1,2,mobileET_ostension_floki_s3_yarbus
Floki,australian_shepherd,12,m,unneutered,31/10/2021,22/11/2022,25,3,gazing,l,0,r,r,1,2,mobileET_ostension_floki_s3_yarbus
Floki,australian_shepherd,12,m,unneutered,31/10/2021,22/11/2022,26,3,gazing,r,1,r,r,1,2,mobileET_ostension_floki_s3_yarbus
Floki,australian_shepherd,12,m,unneutered,31/10/2021,22/11/2022,27,3,gazing,l,0,r,r,1,2,mobileET_ostension_floki_s3_yarbus
Floki,australian_shepherd,12,m,unneutered,31/10/2021,22/11/2022,28,3,control,r,1,r,r,1,2,mobileET_ostension_floki_s3_yarbus
Floki,australian_shepherd,12,m,unneutered,31/10/2021,22/11/2022,29,3,gazing,l,0,r,l,1,2,mobileET_ostension_floki_s3_yarbus
Floki,australian_shepherd,12,m,unneutered,31/10/2021,22/11/2022,30,3,gazing,r,1,r,l,1,2,mobileET_ostension_floki_s3_yarbus
Django2,american_staffordshire_terrier,88,f,unneutered,24/06/2015,21/11/2022,1,1,throwing,l,0,r,r,1,1,mobileET_ostension_django_s1_yarbus
Django2,american_staffordshire_terrier,88,f,unneutered,24/06/2015,21/11/2022,2,1,throwing,r,1,r,r,1,1,mobileET_ostension_django_s1_yarbus
Django2,american_staffordshire_terrier,88,f,unneutered,24/06/2015,21/11/2022,3,1,control,l,0,r,l,1,1,mobileET_ostension_django_s1_yarbus
Django2,american_staffordshire_terrier,88,f,unneutered,24/06/2015,21/11/2022,4,1,throwing,r,1,r,l,1,1,mobileET_ostension_django_s1_yarbus
Django2,american_staffordshire_terrier,88,f,unneutered,24/06/2015,21/11/2022,5,1,throwing,l,0,r,r,1,1,mobileET_ostension_django_s1_yarbus
Django2,american_staffordshire_terrier,88,f,unneutered,24/06/2015,21/11/2022,6,1,throwing,r,1,r,r,1,1,mobileET_ostension_django_s1_yarbus
Django2,american_staffordshire_terrier,88,f,unneutered,24/06/2015,21/11/2022,7,1,throwing,l,0,r,l,1,1,mobileET_ostension_django_s1_yarbus
Django2,american_staffordshire_terrier,88,f,unneutered,24/06/2015,21/11/2022,8,1,control,r,1,r,l,1,1,mobileET_ostension_django_s1_yarbus
Django2,american_staffordshire_terrier,88,f,unneutered,24/06/2015,21/11/2022,9,1,p+g,l,1,l,r,1,1,mobileET_ostension_django_s1_yarbus
Django2,american_staffordshire_terrier,88,f,unneutered,24/06/2015,21/11/2022,10,1,p+g,r,1,r,l,1,1,mobileET_ostension_django_s1_yarbus
Django2,american_staffordshire_terrier,88,f,unneutered,24/06/2015,21/11/2022,11,1,p+g,l,1,l,r,1,1,mobileET_ostension_django_s1_yarbus
Django2,american_staffordshire_terrier,88,f,unneutered,24/06/2015,21/11/2022,12,1,p+g,r,1,r,r,1,1,mobileET_ostension_django_s1_yarbus
Django2,american_staffordshire_terrier,88,f,unneutered,24/06/2015,21/11/2022,13,1,control,l,0,r,l,1,1,mobileET_ostension_django_s1_yarbus
Django2,american_staffordshire_terrier,88,f,unneutered,24/06/2015,21/11/2022,14,1,p+g,r,0,r,l,1,1,mobileET_ostension_django_s1_yarbus
Django2,american_staffordshire_terrier,88,f,unneutered,24/06/2015,21/11/2022,15,1,p+g,l,1,l,r,1,1,mobileET_ostension_django_s1_yarbus
Django2,american_staffordshire_terrier,89,f,unneutered,24/06/2015,01/12/2022,16,2,pointing,r,0,l,r,1,2,mobileET_ostension_django_s2_yarbus_new
Django2,american_staffordshire_terrier,89,f,unneutered,24/06/2015,01/12/2022,17,2,pointing,l,1,l,r,1,2,mobileET_ostension_django_s2_yarbus_new
Django2,american_staffordshire_terrier,89,f,unneutered,24/06/2015,01/12/2022,18,2,control,r,0,l,r,1,2,mobileET_ostension_django_s2_yarbus_new
Django2,american_staffordshire_terrier,89,f,unneutered,24/06/2015,01/12/2022,19,2,pointing,l,1,l,r,1,2,mobileET_ostension_django_s2_yarbus_new
Django2,american_staffordshire_terrier,89,f,unneutered,24/06/2015,01/12/2022,20,2,pointing,r,0,l,r,1,2,mobileET_ostension_django_s2_yarbus_new
Django2,american_staffordshire_terrier,89,f,unneutered,24/06/2015,01/12/2022,21,2,pointing,l,1,l,r,1,2,mobileET_ostension_django_s2_yarbus_new
Django2,american_staffordshire_terrier,89,f,unneutered,24/06/2015,01/12/2022,22,2,pointing,r,0,l,l,1,2,mobileET_ostension_django_s2_yarbus_new
Django2,american_staffordshire_terrier,89,f,unneutered,24/06/2015,01/12/2022,23,2,control,l,1,l,l,1,2,mobileET_ostension_django_s2_yarbus_new
Django2,american_staffordshire_terrier,89,f,unneutered,24/06/2015,01/12/2022,24,2,gazing,r,1,r,l,1,2,mobileET_ostension_django_s2_yarbus_new
Django2,american_staffordshire_terrier,89,f,unneutered,24/06/2015,01/12/2022,25,2,gazing,r,0,l,r,1,2,mobileET_ostension_django_s2_yarbus_new
Django2,american_staffordshire_terrier,89,f,unneutered,24/06/2015,01/12/2022,26,2,gazing,l,1,l,r,1,2,mobileET_ostension_django_s2_yarbus_new
Django2,american_staffordshire_terrier,89,f,unneutered,24/06/2015,01/12/2022,27,2,gazing,l,1,l,l,1,2,mobileET_ostension_django_s2_yarbus_new
Django2,american_staffordshire_terrier,89,f,unneutered,24/06/2015,01/12/2022,28,2,control,r,0,l,r,1,2,mobileET_ostension_django_s2_yarbus_new
Django2,american_staffordshire_terrier,89,f,unneutered,24/06/2015,01/12/2022,29,2,gazing,r,1,r,l,1,2,mobileET_ostension_django_s2_yarbus_new
Django2,american_staffordshire_terrier,89,f,unneutered,24/06/2015,01/12/2022,30,2,gazing,l,1,l,l,1,2,mobileET_ostension_django_s2_yarbus_new
Pisco,parson_jack_russel_terrier,16,m,unneutered,16/07/2021,01/12/2022,1,1,throwing,l,1,l,l,1,1,mobileET_ostension_pisco_s1_yarbus
Pisco,parson_jack_russel_terrier,16,m,unneutered,16/07/2021,01/12/2022,2,1,throwing,r,1,r,l,1,1,mobileET_ostension_pisco_s1_yarbus
Pisco,parson_jack_russel_terrier,16,m,unneutered,16/07/2021,01/12/2022,3,1,control,l,1,l,l,1,1,mobileET_ostension_pisco_s1_yarbus
Pisco,parson_jack_russel_terrier,16,m,unneutered,16/07/2021,01/12/2022,4,1,throwing,r,1,r,l,1,1,mobileET_ostension_pisco_s1_yarbus
Pisco,parson_jack_russel_terrier,16,m,unneutered,16/07/2021,01/12/2022,5,1,throwing,l,0,r,l,1,1,mobileET_ostension_pisco_s1_yarbus
Pisco,parson_jack_russel_terrier,16,m,unneutered,16/07/2021,01/12/2022,6,1,throwing,r,1,r,l,1,1,mobileET_ostension_pisco_s1_yarbus
Pisco,parson_jack_russel_terrier,16,m,unneutered,16/07/2021,01/12/2022,7,1,throwing,l,0,r,l,1,1,mobileET_ostension_pisco_s1_yarbus
Pisco,parson_jack_russel_terrier,16,m,unneutered,16/07/2021,01/12/2022,8,1,control,r,1,r,r,1,1,mobileET_ostension_pisco_s1_yarbus
Pisco,parson_jack_russel_terrier,16,m,unneutered,16/07/2021,01/12/2022,9,1,pointing,l,1,l,r,1,1,mobileET_ostension_pisco_s1_yarbus
Pisco,parson_jack_russel_terrier,16,m,unneutered,16/07/2021,01/12/2022,10,1,pointing,r,1,r,r,1,1,mobileET_ostension_pisco_s1_yarbus
Pisco,parson_jack_russel_terrier,16,m,unneutered,16/07/2021,01/12/2022,11,1,pointing,l,1,l,r,1,1,mobileET_ostension_pisco_s1_yarbus
Pisco,parson_jack_russel_terrier,16,m,unneutered,16/07/2021,01/12/2022,12,1,pointing,r,1,r,r,1,1,mobileET_ostension_pisco_s1_yarbus
Pisco,parson_jack_russel_terrier,16,m,unneutered,16/07/2021,01/12/2022,13,1,control,l,1,l,r,1,1,mobileET_ostension_pisco_s1_yarbus
Pisco,parson_jack_russel_terrier,16,m,unneutered,16/07/2021,01/12/2022,14,1,pointing,r,1,r,r,1,1,mobileET_ostension_pisco_s1_yarbus
Pisco,parson_jack_russel_terrier,16,m,unneutered,16/07/2021,01/12/2022,15,1,pointing,l,1,l,r,1,1,mobileET_ostension_pisco_s1_yarbus
Pisco,parson_jack_russel_terrier,16,m,unneutered,16/07/2021,07/12/2022,16,2,gazing,r,1,r,r,1,2,mobileET_ostension_pisco_s2_yarbus
Pisco,parson_jack_russel_terrier,16,m,unneutered,16/07/2021,07/12/2022,17,2,gazing,l,0,r,r,1,2,mobileET_ostension_pisco_s2_yarbus
Pisco,parson_jack_russel_terrier,16,m,unneutered,16/07/2021,07/12/2022,18,2,gazing,r,1,r,r,1,2,mobileET_ostension_pisco_s2_yarbus
Pisco,parson_jack_russel_terrier,16,m,unneutered,16/07/2021,07/12/2022,19,2,gazing,l,0,r,r,1,2,mobileET_ostension_pisco_s2_yarbus
Pisco,parson_jack_russel_terrier,16,m,unneutered,16/07/2021,07/12/2022,20,2,control,r,1,r,r,1,2,mobileET_ostension_pisco_s2_yarbus
Pisco,parson_jack_russel_terrier,16,m,unneutered,16/07/2021,07/12/2022,21,2,gazing,l,0,r,r,1,2,mobileET_ostension_pisco_s2_yarbus
Pisco,parson_jack_russel_terrier,16,m,unneutered,16/07/2021,07/12/2022,22,2,gazing,r,1,r,r,1,2,mobileET_ostension_pisco_s2_yarbus
Pisco,parson_jack_russel_terrier,16,m,unneutered,16/07/2021,07/12/2022,23,2,control,l,1,l,r,1,2,mobileET_ostension_pisco_s2_yarbus
Pisco,parson_jack_russel_terrier,16,m,unneutered,16/07/2021,07/12/2022,24,2,p+g,r,1,r,r,1,2,mobileET_ostension_pisco_s2_yarbus
Pisco,parson_jack_russel_terrier,16,m,unneutered,16/07/2021,07/12/2022,25,2,p+g,r,1,r,r,1,2,mobileET_ostension_pisco_s2_yarbus
Pisco,parson_jack_russel_terrier,16,m,unneutered,16/07/2021,07/12/2022,26,2,p+g,l,1,l,r,1,2,mobileET_ostension_pisco_s2_yarbus
Pisco,parson_jack_russel_terrier,16,m,unneutered,16/07/2021,07/12/2022,27,2,p+g,l,1,l,r,1,2,mobileET_ostension_pisco_s2_yarbus
Pisco,parson_jack_russel_terrier,16,m,unneutered,16/07/2021,07/12/2022,28,2,control,r,0,l,r,1,2,mobileET_ostension_pisco_s2_yarbus
Pisco,parson_jack_russel_terrier,16,m,unneutered,16/07/2021,07/12/2022,29,2,p+g,r,1,r,r,1,2,mobileET_ostension_pisco_s2_yarbus
Pisco,parson_jack_russel_terrier,16,m,unneutered,16/07/2021,07/12/2022,30,2,p+g,l,1,l,r,1,2,mobileET_ostension_pisco_s2_yarbus
Edgar3,mix,18,m,neutered,21/05/2021,13/12/2022,1,1,gazing,l,1,l,r,1,1,mobileET_ostension_edgar_s1_yarbus
Edgar3,mix,18,m,neutered,21/05/2021,13/12/2022,2,1,gazing,r,0,l,r,1,1,mobileET_ostension_edgar_s1_yarbus
Edgar3,mix,18,m,neutered,21/05/2021,13/12/2022,3,1,control,l,0,r,r,1,1,mobileET_ostension_edgar_s1_yarbus
Edgar3,mix,18,m,neutered,21/05/2021,13/12/2022,4,1,gazing,r,1,r,r,1,1,mobileET_ostension_edgar_s1_yarbus
Edgar3,mix,18,m,neutered,21/05/2021,13/12/2022,5,1,gazing,l,0,r,r,1,1,mobileET_ostension_edgar_s1_yarbus
Edgar3,mix,18,m,neutered,21/05/2021,13/12/2022,6,1,gazing,r,1,r,r,1,1,mobileET_ostension_edgar_s1_yarbus
Edgar3,mix,18,m,neutered,21/05/2021,13/12/2022,7,1,gazing,l,0,r,r,1,1,mobileET_ostension_edgar_s1_yarbus
Edgar3,mix,18,m,neutered,21/05/2021,13/12/2022,8,1,control,r,0,l,r,1,1,mobileET_ostension_edgar_s1_yarbus
Edgar3,mix,18,m,neutered,21/05/2021,13/12/2022,9,1,throwing,l,0,r,r,1,1,mobileET_ostension_edgar_s1_yarbus
Edgar3,mix,18,m,neutered,21/05/2021,13/12/2022,10,1,throwing,r,0,r,r,1,1,mobileET_ostension_edgar_s1_yarbus
Edgar3,mix,18,m,neutered,21/05/2021,13/12/2022,11,1,throwing,l,0,r,r,1,1,mobileET_ostension_edgar_s1_yarbus
Edgar3,mix,18,m,neutered,21/05/2021,13/12/2022,12,1,throwing,r,1,r,r,1,1,mobileET_ostension_edgar_s1_yarbus
Edgar3,mix,18,m,neutered,21/05/2021,13/12/2022,13,1,control,l,0,r,r,1,1,mobileET_ostension_edgar_s1_yarbus
Edgar3,mix,18,m,neutered,21/05/2021,13/12/2022,14,1,throwing,r,1,r,r,1,1,mobileET_ostension_edgar_s1_yarbus
Edgar3,mix,18,m,neutered,21/05/2021,13/12/2022,15,1,throwing,l,0,r,r,1,1,mobileET_ostension_edgar_s1_yarbus
Edgar3,mix,20,m,neutered,21/05/2021,30/01/2023,16,3,p+g,r,1,r,r,1,2,mobileET_ostension_edgar_s3_yarbus
Edgar3,mix,20,m,neutered,21/05/2021,30/01/2023,17,3,p+g,l,1,l,r,1,2,mobileET_ostension_edgar_s3_yarbus
Edgar3,mix,20,m,neutered,21/05/2021,30/01/2023,18,3,control,r,0,l,r,1,2,mobileET_ostension_edgar_s3_yarbus
Edgar3,mix,20,m,neutered,21/05/2021,30/01/2023,19,3,p+g,l,1,l,r,1,2,mobileET_ostension_edgar_s3_yarbus
Edgar3,mix,20,m,neutered,21/05/2021,30/01/2023,20,3,p+g,r,1,r,r,1,2,mobileET_ostension_edgar_s3_yarbus
Edgar3,mix,20,m,neutered,21/05/2021,30/01/2023,21,3,p+g,l,1,l,r,1,2,mobileET_ostension_edgar_s3_yarbus
Edgar3,mix,20,m,neutered,21/05/2021,30/01/2023,22,3,p+g,r,1,r,r,1,2,mobileET_ostension_edgar_s3_yarbus
Edgar3,mix,20,m,neutered,21/05/2021,30/01/2023,23,3,control,l,1,l,r,1,2,mobileET_ostension_edgar_s3_yarbus
Edgar3,mix,20,m,neutered,21/05/2021,30/01/2023,24,3,pointing,r,0,l,r,1,2,mobileET_ostension_edgar_s3_yarbus
Edgar3,mix,20,m,neutered,21/05/2021,30/01/2023,25,3,pointing,r,1,r,r,1,2,mobileET_ostension_edgar_s3_yarbus
Edgar3,mix,20,m,neutered,21/05/2021,30/01/2023,26,3,pointing,l,1,l,r,1,2,mobileET_ostension_edgar_s3_yarbus
Edgar3,mix,20,m,neutered,21/05/2021,30/01/2023,27,3,pointing,l,0,r,r,1,2,mobileET_ostension_edgar_s3_yarbus
Edgar3,mix,20,m,neutered,21/05/2021,30/01/2023,28,3,control,r,na,na,r,1,2,mobileET_ostension_edgar_s3_yarbus
Edgar3,mix,20,m,neutered,21/05/2021,30/01/2023,29,3,pointing,r,1,r,r,1,2,mobileET_ostension_edgar_s3_yarbus
Edgar3,mix,20,m,neutered,21/05/2021,30/01/2023,30,3,pointing,l,1,l,r,1,2,mobileET_ostension_edgar_s3_yarbus
Timo2,mix_siberian_husky,46,m,unneutered,02/01/2019,25/11/2022,1,1,pointing,r,1,r,l,1,1,mobileET_ostension_timo_s1_yarbus
Timo2,mix_siberian_husky,46,m,unneutered,02/01/2019,25/11/2022,2,1,pointing,l,0,r,l,1,1,mobileET_ostension_timo_s1_yarbus
Timo2,mix_siberian_husky,46,m,unneutered,02/01/2019,25/11/2022,3,1,control,r,1,r,l,1,1,mobileET_ostension_timo_s1_yarbus
Timo2,mix_siberian_husky,46,m,unneutered,02/01/2019,25/11/2022,4,1,pointing,l,0,r,r,1,1,mobileET_ostension_timo_s1_yarbus
Timo2,mix_siberian_husky,46,m,unneutered,02/01/2019,25/11/2022,5,1,pointing,r,1,r,r,1,1,mobileET_ostension_timo_s1_yarbus
Timo2,mix_siberian_husky,46,m,unneutered,02/01/2019,25/11/2022,6,1,pointing,l,0,r,r,1,1,mobileET_ostension_timo_s1_yarbus
Timo2,mix_siberian_husky,46,m,unneutered,02/01/2019,25/11/2022,7,1,pointing,r,1,r,r,1,1,mobileET_ostension_timo_s1_yarbus
Timo2,mix_siberian_husky,46,m,unneutered,02/01/2019,25/11/2022,8,1,control,l,0,r,r,1,1,mobileET_ostension_timo_s1_yarbus
Timo2,mix_siberian_husky,46,m,unneutered,02/01/2019,25/11/2022,9,1,gazing,l,1,l,r,1,1,mobileET_ostension_timo_s1_yarbus
Timo2,mix_siberian_husky,46,m,unneutered,02/01/2019,25/11/2022,10,1,gazing,r,1,r,r,1,1,mobileET_ostension_timo_s1_yarbus
Timo2,mix_siberian_husky,46,m,unneutered,02/01/2019,25/11/2022,11,1,gazing,l,0,r,r,1,1,mobileET_ostension_timo_s1_yarbus
Timo2,mix_siberian_husky,46,m,unneutered,02/01/2019,25/11/2022,12,1,gazing,r,1,r,l,1,1,mobileET_ostension_timo_s1_yarbus
Timo2,mix_siberian_husky,46,m,unneutered,02/01/2019,25/11/2022,13,1,control,l,0,r,r,1,1,mobileET_ostension_timo_s1_yarbus
Timo2,mix_siberian_husky,46,m,unneutered,02/01/2019,25/11/2022,14,1,gazing,r,1,r,r,1,1,mobileET_ostension_timo_s1_yarbus
Timo2,mix_siberian_husky,46,m,unneutered,02/01/2019,25/11/2022,15,1,gazing,r,1,r,l,1,1,mobileET_ostension_timo_s1_yarbus
Timo2,mix_siberian_husky,47,m,unneutered,02/01/2019,02/12/2022,16,2,p+g,l,0,r,l,1,2,mobileET_ostension_timo_s2_yarbus
Timo2,mix_siberian_husky,47,m,unneutered,02/01/2019,02/12/2022,17,2,p+g,r,1,r,l,1,2,mobileET_ostension_timo_s2_yarbus
Timo2,mix_siberian_husky,47,m,unneutered,02/01/2019,02/12/2022,18,2,control,l,1,l,l,1,2,mobileET_ostension_timo_s2_yarbus
Timo2,mix_siberian_husky,47,m,unneutered,02/01/2019,02/12/2022,19,2,p+g,l,1,l,l,1,2,mobileET_ostension_timo_s2_yarbus
Timo2,mix_siberian_husky,47,m,unneutered,02/01/2019,02/12/2022,20,2,p+g,r,0,l,l,1,2,mobileET_ostension_timo_s2_yarbus
Timo2,mix_siberian_husky,47,m,unneutered,02/01/2019,02/12/2022,21,2,p+g,l,1,l,l,1,2,mobileET_ostension_timo_s2_yarbus
Timo2,mix_siberian_husky,47,m,unneutered,02/01/2019,02/12/2022,22,2,p+g,r,1,r,l,1,2,mobileET_ostension_timo_s2_yarbus
Timo2,mix_siberian_husky,47,m,unneutered,02/01/2019,02/12/2022,23,2,control,l,1,l,r,1,2,mobileET_ostension_timo_s2_yarbus
Timo2,mix_siberian_husky,47,m,unneutered,02/01/2019,02/12/2022,24,2,throwing,r,1,r,l,1,2,mobileET_ostension_timo_s2_yarbus
Timo2,mix_siberian_husky,47,m,unneutered,02/01/2019,02/12/2022,25,2,throwing,r,1,r,r,1,2,mobileET_ostension_timo_s2_yarbus
Timo2,mix_siberian_husky,47,m,unneutered,02/01/2019,02/12/2022,26,2,throwing,l,0,r,l,1,2,mobileET_ostension_timo_s2_yarbus
Timo2,mix_siberian_husky,47,m,unneutered,02/01/2019,02/12/2022,27,2,throwing,r,0,l,r,1,2,mobileET_ostension_timo_s2_yarbus
Timo2,mix_siberian_husky,47,m,unneutered,02/01/2019,02/12/2022,28,2,control,l,0,r,r,1,2,mobileET_ostension_timo_s2_yarbus
Timo2,mix_siberian_husky,47,m,unneutered,02/01/2019,02/12/2022,29,2,throwing,r,1,r,l,1,2,mobileET_ostension_timo_s2_yarbus
Timo2,mix_siberian_husky,47,m,unneutered,02/01/2019,02/12/2022,30,2,throwing,l,0,r,r,1,2,mobileET_ostension_timo_s2_yarbus
Mailo,mix,86,m,neutered,07/09/2015,25/11/2022,1,1,pointing,l,1,l,l,1,1,mobileET_ostension_mailo_s1_yarbus
Mailo,mix,86,m,neutered,07/09/2015,25/11/2022,2,1,pointing,r,0,l,l,1,1,mobileET_ostension_mailo_s1_yarbus
Mailo,mix,86,m,neutered,07/09/2015,25/11/2022,3,1,control,l,1,l,r,1,1,mobileET_ostension_mailo_s1_yarbus
Mailo,mix,86,m,neutered,07/09/2015,25/11/2022,4,1,pointing,r,0,l,l,1,1,mobileET_ostension_mailo_s1_yarbus
Mailo,mix,86,m,neutered,07/09/2015,25/11/2022,5,1,pointing,r,0,l,l,1,1,mobileET_ostension_mailo_s1_yarbus
Mailo,mix,86,m,neutered,07/09/2015,25/11/2022,6,1,pointing,l,1,l,r,1,1,mobileET_ostension_mailo_s1_yarbus
Mailo,mix,86,m,neutered,07/09/2015,25/11/2022,7,1,pointing,l,1,l,l,1,1,mobileET_ostension_mailo_s1_yarbus
Mailo,mix,86,m,neutered,07/09/2015,25/11/2022,8,1,control,r,0,l,r,1,1,mobileET_ostension_mailo_s1_yarbus
Mailo,mix,86,m,neutered,07/09/2015,25/11/2022,9,1,gazing,r,0,l,l,1,1,mobileET_ostension_mailo_s1_yarbus
Mailo,mix,86,m,neutered,07/09/2015,25/11/2022,10,1,gazing,l,1,l,r,1,1,mobileET_ostension_mailo_s1_yarbus
Mailo,mix,86,m,neutered,07/09/2015,25/11/2022,11,1,gazing,r,0,l,l,1,1,mobileET_ostension_mailo_s1_yarbus
Mailo,mix,86,m,neutered,07/09/2015,25/11/2022,12,1,gazing,l,1,l,r,1,1,mobileET_ostension_mailo_s1_yarbus
Mailo,mix,86,m,neutered,07/09/2015,25/11/2022,13,1,control,r,0,l,l,1,1,mobileET_ostension_mailo_s1_yarbus
Mailo,mix,86,m,neutered,07/09/2015,25/11/2022,14,1,gazing,l,1,l,l,1,1,mobileET_ostension_mailo_s1_yarbus
Mailo,mix,86,m,neutered,07/09/2015,25/11/2022,15,1,gazing,l,1,l,r,1,1,mobileET_ostension_mailo_s1_yarbus
Mailo,mix,86,m,neutered,07/09/2015,02/12/2022,16,2,p+g,r,0,l,r,1,2,mobileET_ostension_mailo_s2_yarbus
Mailo,mix,86,m,neutered,07/09/2015,02/12/2022,17,2,p+g,r,0,l,r,1,2,mobileET_ostension_mailo_s2_yarbus
Mailo,mix,86,m,neutered,07/09/2015,02/12/2022,18,2,control,l,1,l,r,1,2,mobileET_ostension_mailo_s2_yarbus
Mailo,mix,86,m,neutered,07/09/2015,02/12/2022,19,2,p+g,l,1,l,r,1,2,mobileET_ostension_mailo_s2_yarbus
Mailo,mix,86,m,neutered,07/09/2015,02/12/2022,20,2,p+g,r,0,l,l,1,2,mobileET_ostension_mailo_s2_yarbus
Mailo,mix,86,m,neutered,07/09/2015,02/12/2022,21,2,p+g,r,0,l,l,1,2,mobileET_ostension_mailo_s2_yarbus
Mailo,mix,86,m,neutered,07/09/2015,02/12/2022,22,2,p+g,l,1,l,l,1,2,mobileET_ostension_mailo_s2_yarbus
Mailo,mix,86,m,neutered,07/09/2015,02/12/2022,23,2,control,r,0,l,l,1,2,mobileET_ostension_mailo_s2_yarbus
Mailo,mix,86,m,neutered,07/09/2015,02/12/2022,24,2,throwing,l,1,l,r,1,2,mobileET_ostension_mailo_s2_yarbus
Mailo,mix,86,m,neutered,07/09/2015,02/12/2022,25,2,throwing,l,1,l,l,1,2,mobileET_ostension_mailo_s2_yarbus
Mailo,mix,86,m,neutered,07/09/2015,02/12/2022,26,2,throwing,r,0,l,r,1,2,mobileET_ostension_mailo_s2_yarbus
Mailo,mix,86,m,neutered,07/09/2015,02/12/2022,27,2,throwing,l,1,l,l,1,2,mobileET_ostension_mailo_s2_yarbus
Mailo,mix,86,m,neutered,07/09/2015,02/12/2022,28,2,control,r,0,l,r,1,2,mobileET_ostension_mailo_s2_yarbus
Mailo,mix,86,m,neutered,07/09/2015,02/12/2022,29,2,throwing,l,1,l,r,1,2,mobileET_ostension_mailo_s2_yarbus
Mailo,mix,86,m,neutered,07/09/2015,02/12/2022,30,2,throwing,r,0,l,r,1,2,mobileET_ostension_mailo_s2_yarbus
Ravenna,american_staffordshire_terrier,66,f,unneutered,29/04/2017,21/11/2022,1,1,pointing,r,1,r,l,1,1,mobileET_ostension_ravenna_s1_yarbus
Ravenna,american_staffordshire_terrier,66,f,unneutered,29/04/2017,21/11/2022,2,1,pointing,l,0,r,l,1,1,mobileET_ostension_ravenna_s1_yarbus
Ravenna,american_staffordshire_terrier,66,f,unneutered,29/04/2017,21/11/2022,3,1,control,l,0,r,l,1,1,mobileET_ostension_ravenna_s1_yarbus
Ravenna,american_staffordshire_terrier,66,f,unneutered,29/04/2017,21/11/2022,4,1,pointing,r,1,r,l,1,1,mobileET_ostension_ravenna_s1_yarbus
Ravenna,american_staffordshire_terrier,66,f,unneutered,29/04/2017,21/11/2022,5,1,pointing,r,1,r,r,1,1,mobileET_ostension_ravenna_s1_yarbus
Ravenna,american_staffordshire_terrier,66,f,unneutered,29/04/2017,21/11/2022,6,1,pointing,l,0,r,l,1,1,mobileET_ostension_ravenna_s1_yarbus
Ravenna,american_staffordshire_terrier,66,f,unneutered,29/04/2017,21/11/2022,7,1,pointing,r,1,r,r,1,1,mobileET_ostension_ravenna_s1_yarbus
Ravenna,american_staffordshire_terrier,66,f,unneutered,29/04/2017,21/11/2022,8,1,control,l,0,r,l,1,1,mobileET_ostension_ravenna_s1_yarbus
Ravenna,american_staffordshire_terrier,66,f,unneutered,29/04/2017,21/11/2022,9,1,gazing,r,1,r,l,1,1,mobileET_ostension_ravenna_s1_yarbus
Ravenna,american_staffordshire_terrier,66,f,unneutered,29/04/2017,21/11/2022,10,1,gazing,l,0,r,r,1,1,mobileET_ostension_ravenna_s1_yarbus
Ravenna,american_staffordshire_terrier,66,f,unneutered,29/04/2017,21/11/2022,11,1,gazing,l,0,r,r,1,1,mobileET_ostension_ravenna_s1_yarbus
Ravenna,american_staffordshire_terrier,66,f,unneutered,29/04/2017,21/11/2022,12,1,gazing,r,1,r,r,1,1,mobileET_ostension_ravenna_s1_yarbus
Ravenna,american_staffordshire_terrier,66,f,unneutered,29/04/2017,21/11/2022,13,1,control,l,0,r,l,1,1,mobileET_ostension_ravenna_s1_yarbus
Ravenna,american_staffordshire_terrier,66,f,unneutered,29/04/2017,21/11/2022,14,1,gazing,r,1,r,r,1,1,mobileET_ostension_ravenna_s1_yarbus
Ravenna,american_staffordshire_terrier,66,f,unneutered,29/04/2017,21/11/2022,15,1,gazing,r,1,r,l,1,1,mobileET_ostension_ravenna_s1_yarbus
Ravenna,american_staffordshire_terrier,67,f,unneutered,29/04/2017,01/12/2022,16,2,p+g,l,0,r,r,1,2,mobileET_ostension_ravenna_s2_yarbus
Ravenna,american_staffordshire_terrier,67,f,unneutered,29/04/2017,01/12/2022,17,2,p+g,l,0,r,r,1,2,mobileET_ostension_ravenna_s2_yarbus
Ravenna,american_staffordshire_terrier,67,f,unneutered,29/04/2017,01/12/2022,18,2,control,r,0,l,r,1,2,mobileET_ostension_ravenna_s2_yarbus
Ravenna,american_staffordshire_terrier,67,f,unneutered,29/04/2017,01/12/2022,19,2,p+g,r,1,r,r,1,2,mobileET_ostension_ravenna_s2_yarbus
Ravenna,american_staffordshire_terrier,67,f,unneutered,29/04/2017,01/12/2022,20,2,p+g,l,0,r,l,1,2,mobileET_ostension_ravenna_s2_yarbus
Ravenna,american_staffordshire_terrier,67,f,unneutered,29/04/2017,01/12/2022,21,2,p+g,l,0,r,l,1,2,mobileET_ostension_ravenna_s2_yarbus
Ravenna,american_staffordshire_terrier,67,f,unneutered,29/04/2017,01/12/2022,22,2,p+g,r,1,r,l,1,2,mobileET_ostension_ravenna_s2_yarbus
Ravenna,american_staffordshire_terrier,67,f,unneutered,29/04/2017,01/12/2022,23,2,control,l,0,r,r,1,2,mobileET_ostension_ravenna_s2_yarbus
Ravenna,american_staffordshire_terrier,67,f,unneutered,29/04/2017,01/12/2022,24,2,throwing,r,1,r,r,1,2,mobileET_ostension_ravenna_s2_yarbus
Ravenna,american_staffordshire_terrier,67,f,unneutered,29/04/2017,01/12/2022,25,2,throwing,l,0,r,l,1,2,mobileET_ostension_ravenna_s2_yarbus
Ravenna,american_staffordshire_terrier,67,f,unneutered,29/04/2017,01/12/2022,26,2,throwing,r,1,r,r,1,2,mobileET_ostension_ravenna_s2_yarbus
Ravenna,american_staffordshire_terrier,67,f,unneutered,29/04/2017,01/12/2022,27,2,throwing,r,1,r,l,1,2,mobileET_ostension_ravenna_s2_yarbus
Ravenna,american_staffordshire_terrier,67,f,unneutered,29/04/2017,01/12/2022,28,2,control,l,0,r,r,1,2,mobileET_ostension_ravenna_s2_yarbus
Ravenna,american_staffordshire_terrier,67,f,unneutered,29/04/2017,01/12/2022,29,2,throwing,r,1,r,l,1,2,mobileET_ostension_ravenna_s2_yarbus
Ravenna,american_staffordshire_terrier,67,f,unneutered,29/04/2017,01/12/2022,30,2,throwing,l,0,r,l,1,2,mobileET_ostension_ravenna_s2_yarbus
Lumi,mix,41,f,neutered,14/05/2019,25/10/2022,1,1,throwing,r,1,r,l,1,1,mobileET_ostension_Lumi_s1_yarbus
Lumi,mix,41,f,neutered,14/05/2019,25/10/2022,2,1,throwing,l,0,r,l,1,1,mobileET_ostension_Lumi_s1_yarbus
Lumi,mix,41,f,neutered,14/05/2019,25/10/2022,3,1,control,l,0,r,l,1,1,mobileET_ostension_Lumi_s1_yarbus
Lumi,mix,41,f,neutered,14/05/2019,25/10/2022,4,1,throwing,r,1,r,l,1,1,mobileET_ostension_Lumi_s1_yarbus
Lumi,mix,41,f,neutered,14/05/2019,25/10/2022,5,1,throwing,r,1,r,l,1,1,mobileET_ostension_Lumi_s1_yarbus
Lumi,mix,41,f,neutered,14/05/2019,25/10/2022,6,1,throwing,l,0,r,l,1,1,mobileET_ostension_Lumi_s1_yarbus
Lumi,mix,41,f,neutered,14/05/2019,25/10/2022,7,1,throwing,l,0,r,l,1,1,mobileET_ostension_Lumi_s1_yarbus
Lumi,mix,41,f,neutered,14/05/2019,25/10/2022,8,1,control,r,0,l,l,1,1,mobileET_ostension_Lumi_s1_yarbus
Lumi,mix,41,f,neutered,14/05/2019,25/10/2022,9,1,p+g,r,1,r,l,1,1,mobileET_ostension_Lumi_s1_yarbus
Lumi,mix,41,f,neutered,14/05/2019,25/10/2022,10,1,p+g,l,1,l,l,1,1,mobileET_ostension_Lumi_s1_yarbus
Lumi,mix,41,f,neutered,14/05/2019,25/10/2022,11,1,p+g,r,1,r,l,1,1,mobileET_ostension_Lumi_s1_yarbus
Lumi,mix,41,f,neutered,14/05/2019,25/10/2022,12,1,p+g,l,1,l,l,1,1,mobileET_ostension_Lumi_s1_yarbus
Lumi,mix,41,f,neutered,14/05/2019,25/10/2022,13,1,control,l,0,r,l,1,1,mobileET_ostension_Lumi_s1_yarbus
Lumi,mix,41,f,neutered,14/05/2019,25/10/2022,14,1,p+g,r,1,r,l,1,1,mobileET_ostension_Lumi_s1_yarbus
Lumi,mix,41,f,neutered,14/05/2019,25/10/2022,15,1,p+g,l,1,l,l,1,1,mobileET_ostension_Lumi_s1_yarbus
Lumi,mix,42,f,neutered,14/05/2019,18/11/2022,16,3,pointing,r,0,l,r,1,2,mobileET_ostension_Lumi_s3_yarbus
Lumi,mix,42,f,neutered,14/05/2019,18/11/2022,17,3,pointing,r,1,r,l,1,2,mobileET_ostension_Lumi_s3_yarbus
Lumi,mix,42,f,neutered,14/05/2019,18/11/2022,18,3,control,l,1,l,l,1,2,mobileET_ostension_Lumi_s3_yarbus
Lumi,mix,42,f,neutered,14/05/2019,18/11/2022,19,3,pointing,r,1,r,l,1,2,mobileET_ostension_Lumi_s3_yarbus
Lumi,mix,42,f,neutered,14/05/2019,18/11/2022,20,3,pointing,l,1,l,l,1,2,mobileET_ostension_Lumi_s3_yarbus
Lumi,mix,42,f,neutered,14/05/2019,18/11/2022,21,3,pointing,l,1,l,l,1,2,mobileET_ostension_Lumi_s3_yarbus
Lumi,mix,42,f,neutered,14/05/2019,18/11/2022,22,3,pointing,r,1,r,l,1,2,mobileET_ostension_Lumi_s3_yarbus
Lumi,mix,42,f,neutered,14/05/2019,18/11/2022,23,3,control,l,1,l,l,1,2,mobileET_ostension_Lumi_s3_yarbus
Lumi,mix,42,f,neutered,14/05/2019,18/11/2022,24,3,gazing,r,1,r,l,1,2,mobileET_ostension_Lumi_s3_yarbus
Lumi,mix,42,f,neutered,14/05/2019,18/11/2022,25,3,gazing,r,0,l,l,1,2,mobileET_ostension_Lumi_s3_yarbus
Lumi,mix,42,f,neutered,14/05/2019,18/11/2022,26,3,gazing,l,0,r,l,1,2,mobileET_ostension_Lumi_s3_yarbus
Lumi,mix,42,f,neutered,14/05/2019,18/11/2022,27,3,gazing,r,0,l,l,1,2,mobileET_ostension_Lumi_s3_yarbus
Lumi,mix,42,f,neutered,14/05/2019,18/11/2022,28,3,control,l,0,r,l,1,2,mobileET_ostension_Lumi_s3_yarbus
Lumi,mix,42,f,neutered,14/05/2019,18/11/2022,29,3,gazing,l,na,l,l,1,2,mobileET_ostension_Lumi_s3_yarbus
Lumi,mix,42,f,neutered,14/05/2019,18/11/2022,30,3,gazing,r,1,r,l,1,2,mobileET_ostension_Lumi_s3_yarbus
Lenny,border_collie,156,m,unneutered,14/01/2009,11/02/2022,1,2,pointing,r,1,r,l,1,1,mobileET_ostension_lenny_s2_yarbus
Lenny,border_collie,156,m,unneutered,14/01/2009,11/02/2022,2,2,pointing,l,1,l,l,1,1,mobileET_ostension_lenny_s2_yarbus
Lenny,border_collie,156,m,unneutered,14/01/2009,11/02/2022,3,2,pointing,r,1,r,l,1,1,mobileET_ostension_lenny_s2_yarbus
Lenny,border_collie,156,m,unneutered,14/01/2009,11/02/2022,4,2,pointing,l,0,r,l,1,1,mobileET_ostension_lenny_s2_yarbus
Lenny,border_collie,156,m,unneutered,14/01/2009,11/02/2022,5,2,pointing,l,0,r,l,1,1,mobileET_ostension_lenny_s2_yarbus
Lenny,border_collie,156,m,unneutered,14/01/2009,11/02/2022,6,2,control,r,1,r,l,1,1,mobileET_ostension_lenny_s2_yarbus
Lenny,border_collie,156,m,unneutered,14/01/2009,11/02/2022,7,2,pointing,r,1,r,l,1,1,mobileET_ostension_lenny_s2_yarbus
Lenny,border_collie,156,m,unneutered,14/01/2009,11/02/2022,8,2,p+g,l,0,r,l,1,1,mobileET_ostension_lenny_s2_yarbus
Lenny,border_collie,156,m,unneutered,14/01/2009,11/02/2022,9,2,control,l,0,r,l,1,1,mobileET_ostension_lenny_s2_yarbus
Lenny,border_collie,156,m,unneutered,14/01/2009,11/02/2022,10,2,p+g,r,1,r,l,1,1,mobileET_ostension_lenny_s2_yarbus
Lenny,border_collie,156,m,unneutered,14/01/2009,11/02/2022,11,2,p+g,l,0,r,l,1,1,mobileET_ostension_lenny_s2_yarbus
Lenny,border_collie,156,m,unneutered,14/01/2009,11/02/2022,12,2,p+g,r,1,r,l,1,1,mobileET_ostension_lenny_s2_yarbus
Lenny,border_collie,156,m,unneutered,14/01/2009,11/02/2022,13,2,control,r,1,r,l,1,1,mobileET_ostension_lenny_s2_yarbus
Lenny,border_collie,156,m,unneutered,14/01/2009,11/02/2022,14,2,p+g,l,0,r,l,1,1,mobileET_ostension_lenny_s2_yarbus
Lenny,border_collie,156,m,unneutered,14/01/2009,11/02/2022,15,2,p+g,r,1,r,l,1,1,mobileET_ostension_lenny_s2_yarbus
Lenny,border_collie,166,m,unneutered,14/01/2009,17/11/2022,16,3,throwing,l,0,r,l,1,2,mobileET_ostension_lenny_s3_yarbus
Lenny,border_collie,166,m,unneutered,14/01/2009,17/11/2022,17,3,throwing,l,0,r,l,1,2,mobileET_ostension_lenny_s3_yarbus
Lenny,border_collie,166,m,unneutered,14/01/2009,17/11/2022,18,3,control,r,1,r,l,1,2,mobileET_ostension_lenny_s3_yarbus
Lenny,border_collie,166,m,unneutered,14/01/2009,17/11/2022,19,3,throwing,r,1,r,l,1,2,mobileET_ostension_lenny_s3_yarbus
Lenny,border_collie,166,m,unneutered,14/01/2009,17/11/2022,20,3,throwing,l,0,r,r,1,2,mobileET_ostension_lenny_s3_yarbus
Lenny,border_collie,166,m,unneutered,14/01/2009,17/11/2022,21,3,throwing,r,1,r,r,1,2,mobileET_ostension_lenny_s3_yarbus
Lenny,border_collie,166,m,unneutered,14/01/2009,17/11/2022,22,3,throwing,l,0,r,l,1,2,mobileET_ostension_lenny_s3_yarbus
Lenny,border_collie,166,m,unneutered,14/01/2009,17/11/2022,23,3,control,l,0,r,l,1,2,mobileET_ostension_lenny_s3_yarbus
Lenny,border_collie,166,m,unneutered,14/01/2009,17/11/2022,24,3,gazing,r,1,r,l,1,2,mobileET_ostension_lenny_s3_yarbus
Lenny,border_collie,166,m,unneutered,14/01/2009,17/11/2022,25,3,gazing,r,1,r,l,1,2,mobileET_ostension_lenny_s3_yarbus
Lenny,border_collie,166,m,unneutered,14/01/2009,17/11/2022,26,3,gazing,l,0,r,r,1,2,mobileET_ostension_lenny_s3_yarbus
Lenny,border_collie,166,m,unneutered,14/01/2009,17/11/2022,27,3,gazing,l,1,l,r,1,2,mobileET_ostension_lenny_s3_yarbus
Lenny,border_collie,166,m,unneutered,14/01/2009,17/11/2022,28,3,control,r,1,r,r,1,2,mobileET_ostension_lenny_s3_yarbus
Lenny,border_collie,166,m,unneutered,14/01/2009,17/11/2022,29,3,gazing,r,1,r,r,1,2,mobileET_ostension_lenny_s3_yarbus
Lenny,border_collie,166,m,unneutered,14/01/2009,17/11/2022,30,3,gazing,l,0,r,l,1,2,mobileET_ostension_lenny_s3_yarbus
Mitos,german_shephard,153,m,neutered,04/01/2010,03/11/2022,1,1,pointing,r,1,r,l,1,1,mobileET_ostension_mitos_s1_yarbus
Mitos,german_shephard,153,m,neutered,04/01/2010,03/11/2022,2,1,pointing,l,0,r,l,1,1,mobileET_ostension_mitos_s1_yarbus
Mitos,german_shephard,153,m,neutered,04/01/2010,03/11/2022,3,1,control,l,0,r,l,1,1,mobileET_ostension_mitos_s1_yarbus
Mitos,german_shephard,153,m,neutered,04/01/2010,03/11/2022,4,1,pointing,r,1,r,l,1,1,mobileET_ostension_mitos_s1_yarbus
Mitos,german_shephard,153,m,neutered,04/01/2010,03/11/2022,5,1,pointing,r,1,r,l,1,1,mobileET_ostension_mitos_s1_yarbus
Mitos,german_shephard,153,m,neutered,04/01/2010,03/11/2022,6,1,pointing,l,0,r,l,1,1,mobileET_ostension_mitos_s1_yarbus
Mitos,german_shephard,153,m,neutered,04/01/2010,03/11/2022,7,1,pointing,r,1,r,l,1,1,mobileET_ostension_mitos_s1_yarbus
Mitos,german_shephard,153,m,neutered,04/01/2010,03/11/2022,8,1,control,l,0,r,l,1,1,mobileET_ostension_mitos_s1_yarbus
Mitos,german_shephard,153,m,neutered,04/01/2010,03/11/2022,9,1,gazing,r,1,r,r,1,1,mobileET_ostension_mitos_s1_yarbus
Mitos,german_shephard,153,m,neutered,04/01/2010,03/11/2022,10,1,gazing,l,0,r,r,1,1,mobileET_ostension_mitos_s1_yarbus
Mitos,german_shephard,153,m,neutered,04/01/2010,03/11/2022,11,1,gazing,l,0,r,r,1,1,mobileET_ostension_mitos_s1_yarbus
Mitos,german_shephard,153,m,neutered,04/01/2010,03/11/2022,12,1,gazing,r,1,r,r,1,1,mobileET_ostension_mitos_s1_yarbus
Mitos,german_shephard,153,m,neutered,04/01/2010,03/11/2022,13,1,control,l,0,r,r,1,1,mobileET_ostension_mitos_s1_yarbus
Mitos,german_shephard,153,m,neutered,04/01/2010,03/11/2022,14,1,gazing,r,1,r,r,1,1,mobileET_ostension_mitos_s1_yarbus
Mitos,german_shephard,153,m,neutered,04/01/2010,03/11/2022,15,1,gazing,r,1,r,r,1,1,mobileET_ostension_mitos_s1_yarbus
Mitos,german_shephard,154,m,neutered,04/01/2010,17/11/2022,16,2,throwing,l,0,r,l,1,2,mobileET_ostension_mitos_s2_yarbus
Mitos,german_shephard,154,m,neutered,04/01/2010,17/11/2022,17,2,throwing,l,0,r,r,1,2,mobileET_ostension_mitos_s2_yarbus
Mitos,german_shephard,154,m,neutered,04/01/2010,17/11/2022,18,2,control,r,1,r,r,1,2,mobileET_ostension_mitos_s2_yarbus
Mitos,german_shephard,154,m,neutered,04/01/2010,17/11/2022,19,2,throwing,r,1,r,r,1,2,mobileET_ostension_mitos_s2_yarbus
Mitos,german_shephard,154,m,neutered,04/01/2010,17/11/2022,20,2,throwing,l,0,r,r,1,2,mobileET_ostension_mitos_s2_yarbus
Mitos,german_shephard,154,m,neutered,04/01/2010,17/11/2022,21,2,throwing,l,0,r,r,1,2,mobileET_ostension_mitos_s2_yarbus
Mitos,german_shephard,154,m,neutered,04/01/2010,17/11/2022,22,2,throwing,r,1,r,r,1,2,mobileET_ostension_mitos_s2_yarbus
Mitos,german_shephard,154,m,neutered,04/01/2010,17/11/2022,23,2,control,l,0,r,r,1,2,mobileET_ostension_mitos_s2_yarbus
Mitos,german_shephard,154,m,neutered,04/01/2010,17/11/2022,24,2,p+g,r,1,r,l,1,2,mobileET_ostension_mitos_s2_yarbus
Mitos,german_shephard,154,m,neutered,04/01/2010,17/11/2022,25,2,p+g,l,1,l,l,1,2,mobileET_ostension_mitos_s2_yarbus
Mitos,german_shephard,154,m,neutered,04/01/2010,17/11/2022,26,2,p+g,r,1,r,r,1,2,mobileET_ostension_mitos_s2_yarbus
Mitos,german_shephard,154,m,neutered,04/01/2010,17/11/2022,27,2,p+g,r,1,r,r,1,2,mobileET_ostension_mitos_s2_yarbus
Mitos,german_shephard,154,m,neutered,04/01/2010,17/11/2022,28,2,control,l,0,r,l,1,2,mobileET_ostension_mitos_s2_yarbus
Mitos,german_shephard,154,m,neutered,04/01/2010,17/11/2022,29,2,p+g,r,1,r,l,1,2,mobileET_ostension_mitos_s2_yarbus
Mitos,german_shephard,154,m,neutered,04/01/2010,17/11/2022,30,2,p+g,l,1,l,l,1,2,mobileET_ostension_mitos_s2_yarbus
Lillybet,samojede,92,f,neutered,08/05/2015,09/01/2023,1,2,throwing,r,1,r,l,1,1,mobileET_ostension_lillybet_s2_yarbus
Lillybet,samojede,92,f,neutered,08/05/2015,09/01/2023,2,2,throwing,l,1,l,l,1,1,mobileET_ostension_lillybet_s2_yarbus
Lillybet,samojede,92,f,neutered,08/05/2015,09/01/2023,3,2,control,l,0,r,l,1,1,mobileET_ostension_lillybet_s2_yarbus
Lillybet,samojede,92,f,neutered,08/05/2015,09/01/2023,4,2,throwing,r,1,r,l,1,1,mobileET_ostension_lillybet_s2_yarbus
Lillybet,samojede,92,f,neutered,08/05/2015,09/01/2023,5,2,throwing,l,0,r,l,1,1,mobileET_ostension_lillybet_s2_yarbus
Lillybet,samojede,92,f,neutered,08/05/2015,09/01/2023,6,2,throwing,r,1,r,l,1,1,mobileET_ostension_lillybet_s2_yarbus
Lillybet,samojede,92,f,neutered,08/05/2015,09/01/2023,7,2,throwing,r,1,r,l,1,1,mobileET_ostension_lillybet_s2_yarbus
Lillybet,samojede,92,f,neutered,08/05/2015,09/01/2023,8,2,control,l,0,r,l,1,1,mobileET_ostension_lillybet_s2_yarbus
Lillybet,samojede,92,f,neutered,08/05/2015,09/01/2023,9,2,pointing,l,0,r,l,1,1,mobileET_ostension_lillybet_s2_yarbus
Lillybet,samojede,92,f,neutered,08/05/2015,09/01/2023,10,2,pointing,r,1,r,l,1,1,mobileET_ostension_lillybet_s2_yarbus
Lillybet,samojede,92,f,neutered,08/05/2015,09/01/2023,11,2,pointing,r,1,r,l,1,1,mobileET_ostension_lillybet_s2_yarbus
Lillybet,samojede,92,f,neutered,08/05/2015,09/01/2023,12,2,pointing,l,0,r,l,1,1,mobileET_ostension_lillybet_s2_yarbus
Lillybet,samojede,92,f,neutered,08/05/2015,09/01/2023,13,2,control,r,1,r,l,1,1,mobileET_ostension_lillybet_s2_yarbus
Lillybet,samojede,92,f,neutered,08/05/2015,09/01/2023,14,2,pointing,l,1,l,l,1,1,mobileET_ostension_lillybet_s2_yarbus
Lillybet,samojede,92,f,neutered,08/05/2015,09/01/2023,15,2,pointing,l,1,r,l,1,1,mobileET_ostension_lillybet_s2_yarbus
Lillybet,samojede,92,f,neutered,08/05/2015,30/01/2023,16,3,p+g,r,1,r,r,1,2,mobileET_ostension_lillybet_s3_yarbus
Lillybet,samojede,92,f,neutered,08/05/2015,30/01/2023,17,3,p+g,r,1,r,r,1,2,mobileET_ostension_lillybet_s3_yarbus
Lillybet,samojede,92,f,neutered,08/05/2015,30/01/2023,18,3,control,l,1,l,r,1,2,mobileET_ostension_lillybet_s3_yarbus
Lillybet,samojede,92,f,neutered,08/05/2015,30/01/2023,19,3,p+g,r,1,r,r,1,2,mobileET_ostension_lillybet_s3_yarbus
Lillybet,samojede,92,f,neutered,08/05/2015,30/01/2023,20,3,p+g,l,1,l,r,1,2,mobileET_ostension_lillybet_s3_yarbus
Lillybet,samojede,92,f,neutered,08/05/2015,30/01/2023,21,3,p+g,l,0,r,r,1,2,mobileET_ostension_lillybet_s3_yarbus
Lillybet,samojede,92,f,neutered,08/05/2015,30/01/2023,22,3,p+g,r,0,l,r,1,2,mobileET_ostension_lillybet_s3_yarbus
Lillybet,samojede,92,f,neutered,08/05/2015,30/01/2023,23,3,control,r,0,l,r,1,2,mobileET_ostension_lillybet_s3_yarbus
Lillybet,samojede,92,f,neutered,08/05/2015,30/01/2023,24,3,gazing,l,1,l,r,1,2,mobileET_ostension_lillybet_s3_yarbus
Lillybet,samojede,92,f,neutered,08/05/2015,30/01/2023,25,3,gazing,l,1,l,r,1,2,mobileET_ostension_lillybet_s3_yarbus
Lillybet,samojede,92,f,neutered,08/05/2015,30/01/2023,26,3,gazing,r,0,l,r,1,2,mobileET_ostension_lillybet_s3_yarbus
Lillybet,samojede,92,f,neutered,08/05/2015,30/01/2023,27,3,gazing,r,0,l,r,1,2,mobileET_ostension_lillybet_s3_yarbus
Lillybet,samojede,92,f,neutered,08/05/2015,30/01/2023,28,3,control,l,1,l,r,1,2,mobileET_ostension_lillybet_s3_yarbus
Lillybet,samojede,92,f,neutered,08/05/2015,30/01/2023,29,3,gazing,l,0,r,r,1,2,mobileET_ostension_lillybet_s3_yarbus
Lillybet,samojede,92,f,neutered,08/05/2015,30/01/2023,30,3,gazing,r,1,r,r,1,2,mobileET_ostension_lillybet_s3_yarbus
